"crop","market","date","price_per_kg"
"Tomato","Tirunelveli","2025-09-28","43.89"
"Tomato","Tirunelveli","2025-10-05","44.49"
"Tomato","Tirunelveli","2025-10-12","44.96"
"Tomato","Tirunelveli","2025-10-19","45.32"
"Tomato","Tirunelveli","2025-10-26","45.56"
"Tomato","Tirunelveli","2025-11-02","45.71"
"Tomato","Tirunelveli","2025-11-09","45.77"
"Tomato","Tirunelveli","2025-11-16","45.78"
"Tomato","Tirunelveli","2025-11-23","45.75"
"Tomato","Tirunelveli","2025-11-30","45.71"
"Tomato","Tirunelveli","2025-12-07","45.68"
"Tomato","Tirunelveli","2025-12-14","45.67"
"Tomato","Tirunelveli","2025-12-21","45.7"
"Tomato","Tirunelveli","2025-12-28","45.78"
"Tomato","Tirunelveli","2026-01-04","45.9"
"Tomato","Tirunelveli","2026-01-11","46.07"
"Tomato","Tirunelveli","2026-01-18","46.26"
"Tomato","Tirunelveli","2026-01-25","46.46"
"Tomato","Tirunelveli","2026-02-01","46.66"
"Tomato","Tirunelveli","2026-02-08","46.82"
"Tomato","Tirunelveli","2026-02-15","46.93"
"Tomato","Tirunelveli","2026-02-22","46.96"
"Tomato","Tirunelveli","2026-03-01","46.89"
"Tomato","Tirunelveli","2026-03-08","46.7"
"Tomato","Tirunelveli","2026-03-15","46.39"
"Tomato","Tirunelveli","2026-03-22","45.94"
"Tomato","Tirunelveli","2026-03-29","45.37"
"Tomato","Tirunelveli","2026-04-05","44.69"
"Tomato","Tirunelveli","2026-04-12","43.91"
"Tomato","Tirunelveli","2026-04-19","43.06"
"Tomato","Tirunelveli","2026-04-26","42.18"
"Tomato","Tirunelveli","2026-05-03","41.29"
"Tomato","Tirunelveli","2026-05-10","40.43"
"Tomato","Tirunelveli","2026-05-17","39.65"
"Tomato","Tirunelveli","2026-05-24","38.98"
"Tomato","Tirunelveli","2026-05-31","38.44"
"Tomato","Tirunelveli","2026-06-07","38.08"
"Tomato","Tirunelveli","2026-06-14","37.9"
"Tomato","Tirunelveli","2026-06-21","37.93"
"Tomato","Tirunelveli","2026-06-28","38.15"
"Tomato","Tirunelveli","2026-07-05","38.57"
"Tomato","Tirunelveli","2026-07-12","39.18"
"Tomato","Tirunelveli","2026-07-19","39.94"
"Tomato","Tirunelveli","2026-07-26","40.83"
"Tomato","Tirunelveli","2026-08-02","41.82"
"Tomato","Tirunelveli","2026-08-09","42.86"
"Tomato","Tirunelveli","2026-08-16","43.92"
"Tomato","Tirunelveli","2026-08-23","44.97"
"Tomato","Tirunelveli","2026-08-30","45.96"
"Tomato","Tirunelveli","2026-09-06","46.87"
"Tomato","Tirunelveli","2026-09-13","47.67"
"Tomato","Tirunelveli","2026-09-20","48.35"
"Tomato","Tirunelveli","2026-09-27","48.89"
"Tomato","Palayamkottai","2025-09-28","45.6"
"Tomato","Palayamkottai","2025-10-05","45.84"
"Tomato","Palayamkottai","2025-10-12","46.04"
"Tomato","Palayamkottai","2025-10-19","46.2"
"Tomato","Palayamkottai","2025-10-26","46.37"
"Tomato","Palayamkottai","2025-11-02","46.54"
"Tomato","Palayamkottai","2025-11-09","46.75"
"Tomato","Palayamkottai","2025-11-16","47.01"
"Tomato","Palayamkottai","2025-11-23","47.33"
"Tomato","Palayamkottai","2025-11-30","47.71"
"Tomato","Palayamkottai","2025-12-07","48.14"
"Tomato","Palayamkottai","2025-12-14","48.62"
"Tomato","Palayamkottai","2025-12-21","49.13"
"Tomato","Palayamkottai","2025-12-28","49.65"
"Tomato","Palayamkottai","2026-01-04","50.15"
"Tomato","Palayamkottai","2026-01-11","50.6"
"Tomato","Palayamkottai","2026-01-18","50.97"
"Tomato","Palayamkottai","2026-01-25","51.23"
"Tomato","Palayamkottai","2026-02-01","51.36"
"Tomato","Palayamkottai","2026-02-08","51.34"
"Tomato","Palayamkottai","2026-02-15","51.15"
"Tomato","Palayamkottai","2026-02-22","50.79"
"Tomato","Palayamkottai","2026-03-01","50.26"
"Tomato","Palayamkottai","2026-03-08","49.57"
"Tomato","Palayamkottai","2026-03-15","48.74"
"Tomato","Palayamkottai","2026-03-22","47.8"
"Tomato","Palayamkottai","2026-03-29","46.78"
"Tomato","Palayamkottai","2026-04-05","45.71"
"Tomato","Palayamkottai","2026-04-12","44.65"
"Tomato","Palayamkottai","2026-04-19","43.64"
"Tomato","Palayamkottai","2026-04-26","42.7"
"Tomato","Palayamkottai","2026-05-03","41.89"
"Tomato","Palayamkottai","2026-05-10","41.23"
"Tomato","Palayamkottai","2026-05-17","40.76"
"Tomato","Palayamkottai","2026-05-24","40.47"
"Tomato","Palayamkottai","2026-05-31","40.39"
"Tomato","Palayamkottai","2026-06-07","40.52"
"Tomato","Palayamkottai","2026-06-14","40.83"
"Tomato","Palayamkottai","2026-06-21","41.32"
"Tomato","Palayamkottai","2026-06-28","41.95"
"Tomato","Palayamkottai","2026-07-05","42.7"
"Tomato","Palayamkottai","2026-07-12","43.53"
"Tomato","Palayamkottai","2026-07-19","44.4"
"Tomato","Palayamkottai","2026-07-26","45.28"
"Tomato","Palayamkottai","2026-08-02","46.14"
"Tomato","Palayamkottai","2026-08-09","46.95"
"Tomato","Palayamkottai","2026-08-16","47.68"
"Tomato","Palayamkottai","2026-08-23","48.31"
"Tomato","Palayamkottai","2026-08-30","48.86"
"Tomato","Palayamkottai","2026-09-06","49.3"
"Tomato","Palayamkottai","2026-09-13","49.65"
"Tomato","Palayamkottai","2026-09-20","49.92"
"Tomato","Palayamkottai","2026-09-27","50.14"
"Tomato","Thoothukudi","2025-09-28","39.56"
"Tomato","Thoothukudi","2025-10-05","39.8"
"Tomato","Thoothukudi","2025-10-12","40.11"
"Tomato","Thoothukudi","2025-10-19","40.48"
"Tomato","Thoothukudi","2025-10-26","40.94"
"Tomato","Thoothukudi","2025-11-02","41.48"
"Tomato","Thoothukudi","2025-11-09","42.09"
"Tomato","Thoothukudi","2025-11-16","42.77"
"Tomato","Thoothukudi","2025-11-23","43.48"
"Tomato","Thoothukudi","2025-11-30","44.22"
"Tomato","Thoothukudi","2025-12-07","44.94"
"Tomato","Thoothukudi","2025-12-14","45.62"
"Tomato","Thoothukudi","2025-12-21","46.24"
"Tomato","Thoothukudi","2025-12-28","46.75"
"Tomato","Thoothukudi","2026-01-04","47.13"
"Tomato","Thoothukudi","2026-01-11","47.36"
"Tomato","Thoothukudi","2026-01-18","47.42"
"Tomato","Thoothukudi","2026-01-25","47.31"
"Tomato","Thoothukudi","2026-02-01","47.02"
"Tomato","Thoothukudi","2026-02-08","46.56"
"Tomato","Thoothukudi","2026-02-15","45.94"
"Tomato","Thoothukudi","2026-02-22","45.19"
"Tomato","Thoothukudi","2026-03-01","44.33"
"Tomato","Thoothukudi","2026-03-08","43.4"
"Tomato","Thoothukudi","2026-03-15","42.44"
"Tomato","Thoothukudi","2026-03-22","41.48"
"Tomato","Thoothukudi","2026-03-29","40.56"
"Tomato","Thoothukudi","2026-04-05","39.72"
"Tomato","Thoothukudi","2026-04-12","38.98"
"Tomato","Thoothukudi","2026-04-19","38.38"
"Tomato","Thoothukudi","2026-04-26","37.92"
"Tomato","Thoothukudi","2026-05-03","37.62"
"Tomato","Thoothukudi","2026-05-10","37.48"
"Tomato","Thoothukudi","2026-05-17","37.5"
"Tomato","Thoothukudi","2026-05-24","37.66"
"Tomato","Thoothukudi","2026-05-31","37.94"
"Tomato","Thoothukudi","2026-06-07","38.32"
"Tomato","Thoothukudi","2026-06-14","38.78"
"Tomato","Thoothukudi","2026-06-21","39.28"
"Tomato","Thoothukudi","2026-06-28","39.8"
"Tomato","Thoothukudi","2026-07-05","40.31"
"Tomato","Thoothukudi","2026-07-12","40.78"
"Tomato","Thoothukudi","2026-07-19","41.22"
"Tomato","Thoothukudi","2026-07-26","41.6"
"Tomato","Thoothukudi","2026-08-02","41.91"
"Tomato","Thoothukudi","2026-08-09","42.17"
"Tomato","Thoothukudi","2026-08-16","42.39"
"Tomato","Thoothukudi","2026-08-23","42.56"
"Tomato","Thoothukudi","2026-08-30","42.73"
"Tomato","Thoothukudi","2026-09-06","42.89"
"Tomato","Thoothukudi","2026-09-13","43.09"
"Tomato","Thoothukudi","2026-09-20","43.33"
"Tomato","Thoothukudi","2026-09-27","43.63"
"Tomato","Madurai","2025-09-28","43.74"
"Tomato","Madurai","2025-10-05","44.44"
"Tomato","Madurai","2025-10-12","45.26"
"Tomato","Madurai","2025-10-19","46.18"
"Tomato","Madurai","2025-10-26","47.19"
"Tomato","Madurai","2025-11-02","48.24"
"Tomato","Madurai","2025-11-09","49.31"
"Tomato","Madurai","2025-11-16","50.35"
"Tomato","Madurai","2025-11-23","51.33"
"Tomato","Madurai","2025-11-30","52.21"
"Tomato","Madurai","2025-12-07","52.96"
"Tomato","Madurai","2025-12-14","53.53"
"Tomato","Madurai","2025-12-21","53.92"
"Tomato","Madurai","2025-12-28","54.1"
"Tomato","Madurai","2026-01-04","54.08"
"Tomato","Madurai","2026-01-11","53.84"
"Tomato","Madurai","2026-01-18","53.41"
"Tomato","Madurai","2026-01-25","52.8"
"Tomato","Madurai","2026-02-01","52.05"
"Tomato","Madurai","2026-02-08","51.18"
"Tomato","Madurai","2026-02-15","50.24"
"Tomato","Madurai","2026-02-22","49.27"
"Tomato","Madurai","2026-03-01","48.3"
"Tomato","Madurai","2026-03-08","47.38"
"Tomato","Madurai","2026-03-15","46.54"
"Tomato","Madurai","2026-03-22","45.81"
"Tomato","Madurai","2026-03-29","45.2"
"Tomato","Madurai","2026-04-05","44.74"
"Tomato","Madurai","2026-04-12","44.42"
"Tomato","Madurai","2026-04-19","44.24"
"Tomato","Madurai","2026-04-26","44.19"
"Tomato","Madurai","2026-05-03","44.25"
"Tomato","Madurai","2026-05-10","44.4"
"Tomato","Madurai","2026-05-17","44.61"
"Tomato","Madurai","2026-05-24","44.86"
"Tomato","Madurai","2026-05-31","45.11"
"Tomato","Madurai","2026-06-07","45.36"
"Tomato","Madurai","2026-06-14","45.57"
"Tomato","Madurai","2026-06-21","45.73"
"Tomato","Madurai","2026-06-28","45.84"
"Tomato","Madurai","2026-07-05","45.9"
"Tomato","Madurai","2026-07-12","45.92"
"Tomato","Madurai","2026-07-19","45.91"
"Tomato","Madurai","2026-07-26","45.88"
"Tomato","Madurai","2026-08-02","45.88"
"Tomato","Madurai","2026-08-09","45.91"
"Tomato","Madurai","2026-08-16","46.01"
"Tomato","Madurai","2026-08-23","46.2"
"Tomato","Madurai","2026-08-30","46.51"
"Tomato","Madurai","2026-09-06","46.94"
"Tomato","Madurai","2026-09-13","47.52"
"Tomato","Madurai","2026-09-20","48.24"
"Tomato","Madurai","2026-09-27","49.09"
"Tomato","Nagercoil","2025-09-28","41.99"
"Tomato","Nagercoil","2025-10-05","43.06"
"Tomato","Nagercoil","2025-10-12","44.19"
"Tomato","Nagercoil","2025-10-19","45.32"
"Tomato","Nagercoil","2025-10-26","46.43"
"Tomato","Nagercoil","2025-11-02","47.46"
"Tomato","Nagercoil","2025-11-09","48.4"
"Tomato","Nagercoil","2025-11-16","49.2"
"Tomato","Nagercoil","2025-11-23","49.84"
"Tomato","Nagercoil","2025-11-30","50.3"
"Tomato","Nagercoil","2025-12-07","50.57"
"Tomato","Nagercoil","2025-12-14","50.65"
"Tomato","Nagercoil","2025-12-21","50.54"
"Tomato","Nagercoil","2025-12-28","50.27"
"Tomato","Nagercoil","2026-01-04","49.84"
"Tomato","Nagercoil","2026-01-11","49.3"
"Tomato","Nagercoil","2026-01-18","48.67"
"Tomato","Nagercoil","2026-01-25","47.98"
"Tomato","Nagercoil","2026-02-01","47.27"
"Tomato","Nagercoil","2026-02-08","46.58"
"Tomato","Nagercoil","2026-02-15","45.93"
"Tomato","Nagercoil","2026-02-22","45.34"
"Tomato","Nagercoil","2026-03-01","44.84"
"Tomato","Nagercoil","2026-03-08","44.44"
"Tomato","Nagercoil","2026-03-15","44.13"
"Tomato","Nagercoil","2026-03-22","43.91"
"Tomato","Nagercoil","2026-03-29","43.78"
"Tomato","Nagercoil","2026-04-05","43.71"
"Tomato","Nagercoil","2026-04-12","43.7"
"Tomato","Nagercoil","2026-04-19","43.71"
"Tomato","Nagercoil","2026-04-26","43.72"
"Tomato","Nagercoil","2026-05-03","43.72"
"Tomato","Nagercoil","2026-05-10","43.68"
"Tomato","Nagercoil","2026-05-17","43.59"
"Tomato","Nagercoil","2026-05-24","43.45"
"Tomato","Nagercoil","2026-05-31","43.25"
"Tomato","Nagercoil","2026-06-07","42.99"
"Tomato","Nagercoil","2026-06-14","42.69"
"Tomato","Nagercoil","2026-06-21","42.38"
"Tomato","Nagercoil","2026-06-28","42.06"
"Tomato","Nagercoil","2026-07-05","41.77"
"Tomato","Nagercoil","2026-07-12","41.54"
"Tomato","Nagercoil","2026-07-19","41.39"
"Tomato","Nagercoil","2026-07-26","41.36"
"Tomato","Nagercoil","2026-08-02","41.47"
"Tomato","Nagercoil","2026-08-09","41.73"
"Tomato","Nagercoil","2026-08-16","42.16"
"Tomato","Nagercoil","2026-08-23","42.76"
"Tomato","Nagercoil","2026-08-30","43.53"
"Tomato","Nagercoil","2026-09-06","44.45"
"Tomato","Nagercoil","2026-09-13","45.49"
"Tomato","Nagercoil","2026-09-20","46.64"
"Tomato","Nagercoil","2026-09-27","47.84"
"Onion","Tirunelveli","2025-09-28","34.73"
"Onion","Tirunelveli","2025-10-05","35.15"
"Onion","Tirunelveli","2025-10-12","35.45"
"Onion","Tirunelveli","2025-10-19","35.64"
"Onion","Tirunelveli","2025-10-26","35.74"
"Onion","Tirunelveli","2025-11-02","35.73"
"Onion","Tirunelveli","2025-11-09","35.66"
"Onion","Tirunelveli","2025-11-16","35.53"
"Onion","Tirunelveli","2025-11-23","35.36"
"Onion","Tirunelveli","2025-11-30","35.17"
"Onion","Tirunelveli","2025-12-07","34.98"
"Onion","Tirunelveli","2025-12-14","34.81"
"Onion","Tirunelveli","2025-12-21","34.67"
"Onion","Tirunelveli","2025-12-28","34.56"
"Onion","Tirunelveli","2026-01-04","34.49"
"Onion","Tirunelveli","2026-01-11","34.46"
"Onion","Tirunelveli","2026-01-18","34.47"
"Onion","Tirunelveli","2026-01-25","34.49"
"Onion","Tirunelveli","2026-02-01","34.52"
"Onion","Tirunelveli","2026-02-08","34.54"
"Onion","Tirunelveli","2026-02-15","34.54"
"Onion","Tirunelveli","2026-02-22","34.49"
"Onion","Tirunelveli","2026-03-01","34.39"
"Onion","Tirunelveli","2026-03-08","34.22"
"Onion","Tirunelveli","2026-03-15","33.98"
"Onion","Tirunelveli","2026-03-22","33.65"
"Onion","Tirunelveli","2026-03-29","33.26"
"Onion","Tirunelveli","2026-04-05","32.79"
"Onion","Tirunelveli","2026-04-12","32.28"
"Onion","Tirunelveli","2026-04-19","31.73"
"Onion","Tirunelveli","2026-04-26","31.17"
"Onion","Tirunelveli","2026-05-03","30.62"
"Onion","Tirunelveli","2026-05-10","30.11"
"Onion","Tirunelveli","2026-05-17","29.67"
"Onion","Tirunelveli","2026-05-24","29.32"
"Onion","Tirunelveli","2026-05-31","29.08"
"Onion","Tirunelveli","2026-06-07","28.98"
"Onion","Tirunelveli","2026-06-14","29.02"
"Onion","Tirunelveli","2026-06-21","29.21"
"Onion","Tirunelveli","2026-06-28","29.55"
"Onion","Tirunelveli","2026-07-05","30.03"
"Onion","Tirunelveli","2026-07-12","30.65"
"Onion","Tirunelveli","2026-07-19","31.37"
"Onion","Tirunelveli","2026-07-26","32.17"
"Onion","Tirunelveli","2026-08-02","33.03"
"Onion","Tirunelveli","2026-08-09","33.92"
"Onion","Tirunelveli","2026-08-16","34.8"
"Onion","Tirunelveli","2026-08-23","35.65"
"Onion","Tirunelveli","2026-08-30","36.44"
"Onion","Tirunelveli","2026-09-06","37.14"
"Onion","Tirunelveli","2026-09-13","37.73"
"Onion","Tirunelveli","2026-09-20","38.21"
"Onion","Tirunelveli","2026-09-27","38.57"
"Onion","Palayamkottai","2025-09-28","36.11"
"Onion","Palayamkottai","2025-10-05","36.26"
"Onion","Palayamkottai","2025-10-12","36.34"
"Onion","Palayamkottai","2025-10-19","36.39"
"Onion","Palayamkottai","2025-10-26","36.41"
"Onion","Palayamkottai","2025-11-02","36.43"
"Onion","Palayamkottai","2025-11-09","36.45"
"Onion","Palayamkottai","2025-11-16","36.5"
"Onion","Palayamkottai","2025-11-23","36.59"
"Onion","Palayamkottai","2025-11-30","36.71"
"Onion","Palayamkottai","2025-12-07","36.87"
"Onion","Palayamkottai","2025-12-14","37.06"
"Onion","Palayamkottai","2025-12-21","37.27"
"Onion","Palayamkottai","2025-12-28","37.49"
"Onion","Palayamkottai","2026-01-04","37.7"
"Onion","Palayamkottai","2026-01-11","37.88"
"Onion","Palayamkottai","2026-01-18","38.01"
"Onion","Palayamkottai","2026-01-25","38.06"
"Onion","Palayamkottai","2026-02-01","38.04"
"Onion","Palayamkottai","2026-02-08","37.91"
"Onion","Palayamkottai","2026-02-15","37.68"
"Onion","Palayamkottai","2026-02-22","37.33"
"Onion","Palayamkottai","2026-03-01","36.88"
"Onion","Palayamkottai","2026-03-08","36.32"
"Onion","Palayamkottai","2026-03-15","35.69"
"Onion","Palayamkottai","2026-03-22","34.98"
"Onion","Palayamkottai","2026-03-29","34.25"
"Onion","Palayamkottai","2026-04-05","33.5"
"Onion","Palayamkottai","2026-04-12","32.77"
"Onion","Palayamkottai","2026-04-19","32.1"
"Onion","Palayamkottai","2026-04-26","31.51"
"Onion","Palayamkottai","2026-05-03","31.03"
"Onion","Palayamkottai","2026-05-10","30.68"
"Onion","Palayamkottai","2026-05-17","30.48"
"Onion","Palayamkottai","2026-05-24","30.44"
"Onion","Palayamkottai","2026-05-31","30.56"
"Onion","Palayamkottai","2026-06-07","30.83"
"Onion","Palayamkottai","2026-06-14","31.26"
"Onion","Palayamkottai","2026-06-21","31.81"
"Onion","Palayamkottai","2026-06-28","32.47"
"Onion","Palayamkottai","2026-07-05","33.22"
"Onion","Palayamkottai","2026-07-12","34.01"
"Onion","Palayamkottai","2026-07-19","34.82"
"Onion","Palayamkottai","2026-07-26","35.63"
"Onion","Palayamkottai","2026-08-02","36.4"
"Onion","Palayamkottai","2026-08-09","37.11"
"Onion","Palayamkottai","2026-08-16","37.74"
"Onion","Palayamkottai","2026-08-23","38.28"
"Onion","Palayamkottai","2026-08-30","38.73"
"Onion","Palayamkottai","2026-09-06","39.07"
"Onion","Palayamkottai","2026-09-13","39.33"
"Onion","Palayamkottai","2026-09-20","39.5"
"Onion","Palayamkottai","2026-09-27","39.6"
"Onion","Thoothukudi","2025-09-28","31.38"
"Onion","Thoothukudi","2025-10-05","31.53"
"Onion","Thoothukudi","2025-10-12","31.7"
"Onion","Thoothukudi","2025-10-19","31.92"
"Onion","Thoothukudi","2025-10-26","32.18"
"Onion","Thoothukudi","2025-11-02","32.48"
"Onion","Thoothukudi","2025-11-09","32.83"
"Onion","Thoothukudi","2025-11-16","33.21"
"Onion","Thoothukudi","2025-11-23","33.61"
"Onion","Thoothukudi","2025-11-30","34.02"
"Onion","Thoothukudi","2025-12-07","34.41"
"Onion","Thoothukudi","2025-12-14","34.77"
"Onion","Thoothukudi","2025-12-21","35.08"
"Onion","Thoothukudi","2025-12-28","35.31"
"Onion","Thoothukudi","2026-01-04","35.44"
"Onion","Thoothukudi","2026-01-11","35.47"
"Onion","Thoothukudi","2026-01-18","35.38"
"Onion","Thoothukudi","2026-01-25","35.17"
"Onion","Thoothukudi","2026-02-01","34.83"
"Onion","Thoothukudi","2026-02-08","34.38"
"Onion","Thoothukudi","2026-02-15","33.83"
"Onion","Thoothukudi","2026-02-22","33.19"
"Onion","Thoothukudi","2026-03-01","32.49"
"Onion","Thoothukudi","2026-03-08","31.76"
"Onion","Thoothukudi","2026-03-15","31.02"
"Onion","Thoothukudi","2026-03-22","30.31"
"Onion","Thoothukudi","2026-03-29","29.64"
"Onion","Thoothukudi","2026-04-05","29.06"
"Onion","Thoothukudi","2026-04-12","28.57"
"Onion","Thoothukudi","2026-04-19","28.2"
"Onion","Thoothukudi","2026-04-26","27.96"
"Onion","Thoothukudi","2026-05-03","27.86"
"Onion","Thoothukudi","2026-05-10","27.89"
"Onion","Thoothukudi","2026-05-17","28.05"
"Onion","Thoothukudi","2026-05-24","28.33"
"Onion","Thoothukudi","2026-05-31","28.71"
"Onion","Thoothukudi","2026-06-07","29.17"
"Onion","Thoothukudi","2026-06-14","29.68"
"Onion","Thoothukudi","2026-06-21","30.23"
"Onion","Thoothukudi","2026-06-28","30.78"
"Onion","Thoothukudi","2026-07-05","31.33"
"Onion","Thoothukudi","2026-07-12","31.84"
"Onion","Thoothukudi","2026-07-19","32.3"
"Onion","Thoothukudi","2026-07-26","32.71"
"Onion","Thoothukudi","2026-08-02","33.06"
"Onion","Thoothukudi","2026-08-09","33.35"
"Onion","Thoothukudi","2026-08-16","33.58"
"Onion","Thoothukudi","2026-08-23","33.76"
"Onion","Thoothukudi","2026-08-30","33.92"
"Onion","Thoothukudi","2026-09-06","34.05"
"Onion","Thoothukudi","2026-09-13","34.18"
"Onion","Thoothukudi","2026-09-20","34.33"
"Onion","Thoothukudi","2026-09-27","34.51"
"Onion","Madurai","2025-09-28","34.73"
"Onion","Madurai","2025-10-05","35.22"
"Onion","Madurai","2025-10-12","35.78"
"Onion","Madurai","2025-10-19","36.4"
"Onion","Madurai","2025-10-26","37.06"
"Onion","Madurai","2025-11-02","37.75"
"Onion","Madurai","2025-11-09","38.42"
"Onion","Madurai","2025-11-16","39.07"
"Onion","Madurai","2025-11-23","39.65"
"Onion","Madurai","2025-11-30","40.15"
"Onion","Madurai","2025-12-07","40.54"
"Onion","Madurai","2025-12-14","40.8"
"Onion","Madurai","2025-12-21","40.91"
"Onion","Madurai","2025-12-28","40.87"
"Onion","Madurai","2026-01-04","40.68"
"Onion","Madurai","2026-01-11","40.33"
"Onion","Madurai","2026-01-18","39.84"
"Onion","Madurai","2026-01-25","39.23"
"Onion","Madurai","2026-02-01","38.53"
"Onion","Madurai","2026-02-08","37.76"
"Onion","Madurai","2026-02-15","36.95"
"Onion","Madurai","2026-02-22","36.13"
"Onion","Madurai","2026-03-01","35.35"
"Onion","Madurai","2026-03-08","34.62"
"Onion","Madurai","2026-03-15","33.97"
"Onion","Madurai","2026-03-22","33.43"
"Onion","Madurai","2026-03-29","33.01"
"Onion","Madurai","2026-04-05","32.72"
"Onion","Madurai","2026-04-12","32.56"
"Onion","Madurai","2026-04-19","32.53"
"Onion","Madurai","2026-04-26","32.61"
"Onion","Madurai","2026-05-03","32.8"
"Onion","Madurai","2026-05-10","33.07"
"Onion","Madurai","2026-05-17","33.4"
"Onion","Madurai","2026-05-24","33.76"
"Onion","Madurai","2026-05-31","34.14"
"Onion","Madurai","2026-06-07","34.52"
"Onion","Madurai","2026-06-14","34.87"
"Onion","Madurai","2026-06-21","35.18"
"Onion","Madurai","2026-06-28","35.45"
"Onion","Madurai","2026-07-05","35.68"
"Onion","Madurai","2026-07-12","35.85"
"Onion","Madurai","2026-07-19","36"
"Onion","Madurai","2026-07-26","36.12"
"Onion","Madurai","2026-08-02","36.23"
"Onion","Madurai","2026-08-09","36.36"
"Onion","Madurai","2026-08-16","36.51"
"Onion","Madurai","2026-08-23","36.71"
"Onion","Madurai","2026-08-30","36.98"
"Onion","Madurai","2026-09-06","37.32"
"Onion","Madurai","2026-09-13","37.75"
"Onion","Madurai","2026-09-20","38.26"
"Onion","Madurai","2026-09-27","38.84"
"Onion","Nagercoil","2025-09-28","33.32"
"Onion","Nagercoil","2025-10-05","34.1"
"Onion","Nagercoil","2025-10-12","34.89"
"Onion","Nagercoil","2025-10-19","35.68"
"Onion","Nagercoil","2025-10-26","36.42"
"Onion","Nagercoil","2025-11-02","37.1"
"Onion","Nagercoil","2025-11-09","37.69"
"Onion","Nagercoil","2025-11-16","38.15"
"Onion","Nagercoil","2025-11-23","38.49"
"Onion","Nagercoil","2025-11-30","38.68"
"Onion","Nagercoil","2025-12-07","38.71"
"Onion","Nagercoil","2025-12-14","38.6"
"Onion","Nagercoil","2025-12-21","38.35"
"Onion","Nagercoil","2025-12-28","37.97"
"Onion","Nagercoil","2026-01-04","37.48"
"Onion","Nagercoil","2026-01-11","36.91"
"Onion","Nagercoil","2026-01-18","36.27"
"Onion","Nagercoil","2026-01-25","35.62"
"Onion","Nagercoil","2026-02-01","34.95"
"Onion","Nagercoil","2026-02-08","34.32"
"Onion","Nagercoil","2026-02-15","33.74"
"Onion","Nagercoil","2026-02-22","33.22"
"Onion","Nagercoil","2026-03-01","32.79"
"Onion","Nagercoil","2026-03-08","32.45"
"Onion","Nagercoil","2026-03-15","32.21"
"Onion","Nagercoil","2026-03-22","32.06"
"Onion","Nagercoil","2026-03-29","32"
"Onion","Nagercoil","2026-04-05","32.01"
"Onion","Nagercoil","2026-04-12","32.08"
"Onion","Nagercoil","2026-04-19","32.19"
"Onion","Nagercoil","2026-04-26","32.31"
"Onion","Nagercoil","2026-05-03","32.45"
"Onion","Nagercoil","2026-05-10","32.56"
"Onion","Nagercoil","2026-05-17","32.66"
"Onion","Nagercoil","2026-05-24","32.71"
"Onion","Nagercoil","2026-05-31","32.74"
"Onion","Nagercoil","2026-06-07","32.72"
"Onion","Nagercoil","2026-06-14","32.67"
"Onion","Nagercoil","2026-06-21","32.61"
"Onion","Nagercoil","2026-06-28","32.54"
"Onion","Nagercoil","2026-07-05","32.49"
"Onion","Nagercoil","2026-07-12","32.47"
"Onion","Nagercoil","2026-07-19","32.5"
"Onion","Nagercoil","2026-07-26","32.61"
"Onion","Nagercoil","2026-08-02","32.8"
"Onion","Nagercoil","2026-08-09","33.1"
"Onion","Nagercoil","2026-08-16","33.5"
"Onion","Nagercoil","2026-08-23","34.01"
"Onion","Nagercoil","2026-08-30","34.63"
"Onion","Nagercoil","2026-09-06","35.33"
"Onion","Nagercoil","2026-09-13","36.12"
"Onion","Nagercoil","2026-09-20","36.95"
"Onion","Nagercoil","2026-09-27","37.81"
"Potato","Tirunelveli","2025-09-28","26.88"
"Potato","Tirunelveli","2025-10-05","27.12"
"Potato","Tirunelveli","2025-10-12","27.27"
"Potato","Tirunelveli","2025-10-19","27.32"
"Potato","Tirunelveli","2025-10-26","27.28"
"Potato","Tirunelveli","2025-11-02","27.17"
"Potato","Tirunelveli","2025-11-09","27"
"Potato","Tirunelveli","2025-11-16","26.78"
"Potato","Tirunelveli","2025-11-23","26.52"
"Potato","Tirunelveli","2025-11-30","26.26"
"Potato","Tirunelveli","2025-12-07","25.99"
"Potato","Tirunelveli","2025-12-14","25.75"
"Potato","Tirunelveli","2025-12-21","25.52"
"Potato","Tirunelveli","2025-12-28","25.34"
"Potato","Tirunelveli","2026-01-04","25.19"
"Potato","Tirunelveli","2026-01-11","25.08"
"Potato","Tirunelveli","2026-01-18","25"
"Potato","Tirunelveli","2026-01-25","24.95"
"Potato","Tirunelveli","2026-02-01","24.93"
"Potato","Tirunelveli","2026-02-08","24.91"
"Potato","Tirunelveli","2026-02-15","24.89"
"Potato","Tirunelveli","2026-02-22","24.85"
"Potato","Tirunelveli","2026-03-01","24.78"
"Potato","Tirunelveli","2026-03-08","24.68"
"Potato","Tirunelveli","2026-03-15","24.54"
"Potato","Tirunelveli","2026-03-22","24.36"
"Potato","Tirunelveli","2026-03-29","24.14"
"Potato","Tirunelveli","2026-04-05","23.87"
"Potato","Tirunelveli","2026-04-12","23.58"
"Potato","Tirunelveli","2026-04-19","23.28"
"Potato","Tirunelveli","2026-04-26","22.97"
"Potato","Tirunelveli","2026-05-03","22.68"
"Potato","Tirunelveli","2026-05-10","22.43"
"Potato","Tirunelveli","2026-05-17","22.22"
"Potato","Tirunelveli","2026-05-24","22.09"
"Potato","Tirunelveli","2026-05-31","22.04"
"Potato","Tirunelveli","2026-06-07","22.09"
"Potato","Tirunelveli","2026-06-14","22.24"
"Potato","Tirunelveli","2026-06-21","22.5"
"Potato","Tirunelveli","2026-06-28","22.86"
"Potato","Tirunelveli","2026-07-05","23.32"
"Potato","Tirunelveli","2026-07-12","23.86"
"Potato","Tirunelveli","2026-07-19","24.47"
"Potato","Tirunelveli","2026-07-26","25.13"
"Potato","Tirunelveli","2026-08-02","25.81"
"Potato","Tirunelveli","2026-08-09","26.5"
"Potato","Tirunelveli","2026-08-16","27.17"
"Potato","Tirunelveli","2026-08-23","27.79"
"Potato","Tirunelveli","2026-08-30","28.35"
"Potato","Tirunelveli","2026-09-06","28.84"
"Potato","Tirunelveli","2026-09-13","29.23"
"Potato","Tirunelveli","2026-09-20","29.51"
"Potato","Tirunelveli","2026-09-27","29.69"
"Potato","Palayamkottai","2025-09-28","27.97"
"Potato","Palayamkottai","2025-10-05","28"
"Potato","Palayamkottai","2025-10-12","27.98"
"Potato","Palayamkottai","2025-10-19","27.91"
"Potato","Palayamkottai","2025-10-26","27.82"
"Potato","Palayamkottai","2025-11-02","27.71"
"Potato","Palayamkottai","2025-11-09","27.61"
"Potato","Palayamkottai","2025-11-16","27.52"
"Potato","Palayamkottai","2025-11-23","27.45"
"Potato","Palayamkottai","2025-11-30","27.41"
"Potato","Palayamkottai","2025-12-07","27.4"
"Potato","Palayamkottai","2025-12-14","27.41"
"Potato","Palayamkottai","2025-12-21","27.45"
"Potato","Palayamkottai","2025-12-28","27.5"
"Potato","Palayamkottai","2026-01-04","27.55"
"Potato","Palayamkottai","2026-01-11","27.59"
"Potato","Palayamkottai","2026-01-18","27.61"
"Potato","Palayamkottai","2026-01-25","27.58"
"Potato","Palayamkottai","2026-02-01","27.51"
"Potato","Palayamkottai","2026-02-08","27.38"
"Potato","Palayamkottai","2026-02-15","27.18"
"Potato","Palayamkottai","2026-02-22","26.92"
"Potato","Palayamkottai","2026-03-01","26.59"
"Potato","Palayamkottai","2026-03-08","26.2"
"Potato","Palayamkottai","2026-03-15","25.77"
"Potato","Palayamkottai","2026-03-22","25.31"
"Potato","Palayamkottai","2026-03-29","24.83"
"Potato","Palayamkottai","2026-04-05","24.36"
"Potato","Palayamkottai","2026-04-12","23.92"
"Potato","Palayamkottai","2026-04-19","23.52"
"Potato","Palayamkottai","2026-04-26","23.2"
"Potato","Palayamkottai","2026-05-03","22.97"
"Potato","Palayamkottai","2026-05-10","22.84"
"Potato","Palayamkottai","2026-05-17","22.83"
"Potato","Palayamkottai","2026-05-24","22.94"
"Potato","Palayamkottai","2026-05-31","23.16"
"Potato","Palayamkottai","2026-06-07","23.51"
"Potato","Palayamkottai","2026-06-14","23.95"
"Potato","Palayamkottai","2026-06-21","24.49"
"Potato","Palayamkottai","2026-06-28","25.1"
"Potato","Palayamkottai","2026-07-05","25.75"
"Potato","Palayamkottai","2026-07-12","26.43"
"Potato","Palayamkottai","2026-07-19","27.12"
"Potato","Palayamkottai","2026-07-26","27.78"
"Potato","Palayamkottai","2026-08-02","28.4"
"Potato","Palayamkottai","2026-08-09","28.95"
"Potato","Palayamkottai","2026-08-16","29.44"
"Potato","Palayamkottai","2026-08-23","29.83"
"Potato","Palayamkottai","2026-08-30","30.13"
"Potato","Palayamkottai","2026-09-06","30.35"
"Potato","Palayamkottai","2026-09-13","30.48"
"Potato","Palayamkottai","2026-09-20","30.53"
"Potato","Palayamkottai","2026-09-27","30.51"
"Potato","Thoothukudi","2025-09-28","24.34"
"Potato","Thoothukudi","2025-10-05","24.38"
"Potato","Thoothukudi","2025-10-12","24.43"
"Potato","Thoothukudi","2025-10-19","24.5"
"Potato","Thoothukudi","2025-10-26","24.59"
"Potato","Thoothukudi","2025-11-02","24.72"
"Potato","Thoothukudi","2025-11-09","24.86"
"Potato","Thoothukudi","2025-11-16","25.03"
"Potato","Thoothukudi","2025-11-23","25.21"
"Potato","Thoothukudi","2025-11-30","25.4"
"Potato","Thoothukudi","2025-12-07","25.58"
"Potato","Thoothukudi","2025-12-14","25.73"
"Potato","Thoothukudi","2025-12-21","25.85"
"Potato","Thoothukudi","2025-12-28","25.92"
"Potato","Thoothukudi","2026-01-04","25.93"
"Potato","Thoothukudi","2026-01-11","25.86"
"Potato","Thoothukudi","2026-01-18","25.72"
"Potato","Thoothukudi","2026-01-25","25.5"
"Potato","Thoothukudi","2026-02-01","25.2"
"Potato","Thoothukudi","2026-02-08","24.83"
"Potato","Thoothukudi","2026-02-15","24.4"
"Potato","Thoothukudi","2026-02-22","23.91"
"Potato","Thoothukudi","2026-03-01","23.4"
"Potato","Thoothukudi","2026-03-08","22.88"
"Potato","Thoothukudi","2026-03-15","22.37"
"Potato","Thoothukudi","2026-03-22","21.89"
"Potato","Thoothukudi","2026-03-29","21.46"
"Potato","Thoothukudi","2026-04-05","21.1"
"Potato","Thoothukudi","2026-04-12","20.83"
"Potato","Thoothukudi","2026-04-19","20.65"
"Potato","Thoothukudi","2026-04-26","20.58"
"Potato","Thoothukudi","2026-05-03","20.62"
"Potato","Thoothukudi","2026-05-10","20.77"
"Potato","Thoothukudi","2026-05-17","21.01"
"Potato","Thoothukudi","2026-05-24","21.35"
"Potato","Thoothukudi","2026-05-31","21.76"
"Potato","Thoothukudi","2026-06-07","22.22"
"Potato","Thoothukudi","2026-06-14","22.72"
"Potato","Thoothukudi","2026-06-21","23.24"
"Potato","Thoothukudi","2026-06-28","23.76"
"Potato","Thoothukudi","2026-07-05","24.26"
"Potato","Thoothukudi","2026-07-12","24.72"
"Potato","Thoothukudi","2026-07-19","25.13"
"Potato","Thoothukudi","2026-07-26","25.49"
"Potato","Thoothukudi","2026-08-02","25.79"
"Potato","Thoothukudi","2026-08-09","26.03"
"Potato","Thoothukudi","2026-08-16","26.21"
"Potato","Thoothukudi","2026-08-23","26.34"
"Potato","Thoothukudi","2026-08-30","26.42"
"Potato","Thoothukudi","2026-09-06","26.48"
"Potato","Thoothukudi","2026-09-13","26.53"
"Potato","Thoothukudi","2026-09-20","26.57"
"Potato","Thoothukudi","2026-09-27","26.62"
"Potato","Madurai","2025-09-28","26.96"
"Potato","Madurai","2025-10-05","27.25"
"Potato","Madurai","2025-10-12","27.58"
"Potato","Madurai","2025-10-19","27.94"
"Potato","Madurai","2025-10-26","28.32"
"Potato","Madurai","2025-11-02","28.71"
"Potato","Madurai","2025-11-09","29.09"
"Potato","Madurai","2025-11-16","29.44"
"Potato","Madurai","2025-11-23","29.75"
"Potato","Madurai","2025-11-30","29.99"
"Potato","Madurai","2025-12-07","30.14"
"Potato","Madurai","2025-12-14","30.21"
"Potato","Madurai","2025-12-21","30.17"
"Potato","Madurai","2025-12-28","30.02"
"Potato","Madurai","2026-01-04","29.76"
"Potato","Madurai","2026-01-11","29.41"
"Potato","Madurai","2026-01-18","28.96"
"Potato","Madurai","2026-01-25","28.43"
"Potato","Madurai","2026-02-01","27.85"
"Potato","Madurai","2026-02-08","27.23"
"Potato","Madurai","2026-02-15","26.6"
"Potato","Madurai","2026-02-22","25.99"
"Potato","Madurai","2026-03-01","25.41"
"Potato","Madurai","2026-03-08","24.89"
"Potato","Madurai","2026-03-15","24.46"
"Potato","Madurai","2026-03-22","24.11"
"Potato","Madurai","2026-03-29","23.88"
"Potato","Madurai","2026-04-05","23.75"
"Potato","Madurai","2026-04-12","23.74"
"Potato","Madurai","2026-04-19","23.83"
"Potato","Madurai","2026-04-26","24.02"
"Potato","Madurai","2026-05-03","24.29"
"Potato","Madurai","2026-05-10","24.63"
"Potato","Madurai","2026-05-17","25.02"
"Potato","Madurai","2026-05-24","25.44"
"Potato","Madurai","2026-05-31","25.86"
"Potato","Madurai","2026-06-07","26.28"
"Potato","Madurai","2026-06-14","26.68"
"Potato","Madurai","2026-06-21","27.04"
"Potato","Madurai","2026-06-28","27.35"
"Potato","Madurai","2026-07-05","27.62"
"Potato","Madurai","2026-07-12","27.84"
"Potato","Madurai","2026-07-19","28.03"
"Potato","Madurai","2026-07-26","28.18"
"Potato","Madurai","2026-08-02","28.3"
"Potato","Madurai","2026-08-09","28.42"
"Potato","Madurai","2026-08-16","28.54"
"Potato","Madurai","2026-08-23","28.68"
"Potato","Madurai","2026-08-30","28.86"
"Potato","Madurai","2026-09-06","29.07"
"Potato","Madurai","2026-09-13","29.32"
"Potato","Madurai","2026-09-20","29.62"
"Potato","Madurai","2026-09-27","29.97"
"Potato","Nagercoil","2025-09-28","25.85"
"Potato","Nagercoil","2025-10-05","26.36"
"Potato","Nagercoil","2025-10-12","26.87"
"Potato","Nagercoil","2025-10-19","27.36"
"Potato","Nagercoil","2025-10-26","27.81"
"Potato","Nagercoil","2025-11-02","28.21"
"Potato","Nagercoil","2025-11-09","28.53"
"Potato","Nagercoil","2025-11-16","28.75"
"Potato","Nagercoil","2025-11-23","28.87"
"Potato","Nagercoil","2025-11-30","28.89"
"Potato","Nagercoil","2025-12-07","28.79"
"Potato","Nagercoil","2025-12-14","28.58"
"Potato","Nagercoil","2025-12-21","28.27"
"Potato","Nagercoil","2025-12-28","27.88"
"Potato","Nagercoil","2026-01-04","27.41"
"Potato","Nagercoil","2026-01-11","26.89"
"Potato","Nagercoil","2026-01-18","26.33"
"Potato","Nagercoil","2026-01-25","25.77"
"Potato","Nagercoil","2026-02-01","25.23"
"Potato","Nagercoil","2026-02-08","24.71"
"Potato","Nagercoil","2026-02-15","24.26"
"Potato","Nagercoil","2026-02-22","23.86"
"Potato","Nagercoil","2026-03-01","23.55"
"Potato","Nagercoil","2026-03-08","23.33"
"Potato","Nagercoil","2026-03-15","23.19"
"Potato","Nagercoil","2026-03-22","23.14"
"Potato","Nagercoil","2026-03-29","23.17"
"Potato","Nagercoil","2026-04-05","23.26"
"Potato","Nagercoil","2026-04-12","23.41"
"Potato","Nagercoil","2026-04-19","23.61"
"Potato","Nagercoil","2026-04-26","23.82"
"Potato","Nagercoil","2026-05-03","24.04"
"Potato","Nagercoil","2026-05-10","24.26"
"Potato","Nagercoil","2026-05-17","24.47"
"Potato","Nagercoil","2026-05-24","24.64"
"Potato","Nagercoil","2026-05-31","24.79"
"Potato","Nagercoil","2026-06-07","24.91"
"Potato","Nagercoil","2026-06-14","25"
"Potato","Nagercoil","2026-06-21","25.07"
"Potato","Nagercoil","2026-06-28","25.12"
"Potato","Nagercoil","2026-07-05","25.18"
"Potato","Nagercoil","2026-07-12","25.25"
"Potato","Nagercoil","2026-07-19","25.35"
"Potato","Nagercoil","2026-07-26","25.48"
"Potato","Nagercoil","2026-08-02","25.67"
"Potato","Nagercoil","2026-08-09","25.91"
"Potato","Nagercoil","2026-08-16","26.22"
"Potato","Nagercoil","2026-08-23","26.59"
"Potato","Nagercoil","2026-08-30","27.03"
"Potato","Nagercoil","2026-09-06","27.51"
"Potato","Nagercoil","2026-09-13","28.04"
"Potato","Nagercoil","2026-09-20","28.59"
"Potato","Nagercoil","2026-09-27","29.15"
"Brinjal","Tirunelveli","2025-09-28","40.05"
"Brinjal","Tirunelveli","2025-10-05","40.25"
"Brinjal","Tirunelveli","2025-10-12","40.3"
"Brinjal","Tirunelveli","2025-10-19","40.21"
"Brinjal","Tirunelveli","2025-10-26","39.98"
"Brinjal","Tirunelveli","2025-11-02","39.64"
"Brinjal","Tirunelveli","2025-11-09","39.2"
"Brinjal","Tirunelveli","2025-11-16","38.7"
"Brinjal","Tirunelveli","2025-11-23","38.16"
"Brinjal","Tirunelveli","2025-11-30","37.61"
"Brinjal","Tirunelveli","2025-12-07","37.06"
"Brinjal","Tirunelveli","2025-12-14","36.56"
"Brinjal","Tirunelveli","2025-12-21","36.11"
"Brinjal","Tirunelveli","2025-12-28","35.72"
"Brinjal","Tirunelveli","2026-01-04","35.41"
"Brinjal","Tirunelveli","2026-01-11","35.18"
"Brinjal","Tirunelveli","2026-01-18","35.01"
"Brinjal","Tirunelveli","2026-01-25","34.92"
"Brinjal","Tirunelveli","2026-02-01","34.87"
"Brinjal","Tirunelveli","2026-02-08","34.86"
"Brinjal","Tirunelveli","2026-02-15","34.87"
"Brinjal","Tirunelveli","2026-02-22","34.88"
"Brinjal","Tirunelveli","2026-03-01","34.87"
"Brinjal","Tirunelveli","2026-03-08","34.83"
"Brinjal","Tirunelveli","2026-03-15","34.75"
"Brinjal","Tirunelveli","2026-03-22","34.62"
"Brinjal","Tirunelveli","2026-03-29","34.45"
"Brinjal","Tirunelveli","2026-04-05","34.23"
"Brinjal","Tirunelveli","2026-04-12","33.98"
"Brinjal","Tirunelveli","2026-04-19","33.72"
"Brinjal","Tirunelveli","2026-04-26","33.46"
"Brinjal","Tirunelveli","2026-05-03","33.23"
"Brinjal","Tirunelveli","2026-05-10","33.04"
"Brinjal","Tirunelveli","2026-05-17","32.93"
"Brinjal","Tirunelveli","2026-05-24","32.91"
"Brinjal","Tirunelveli","2026-05-31","33.01"
"Brinjal","Tirunelveli","2026-06-07","33.23"
"Brinjal","Tirunelveli","2026-06-14","33.59"
"Brinjal","Tirunelveli","2026-06-21","34.08"
"Brinjal","Tirunelveli","2026-06-28","34.71"
"Brinjal","Tirunelveli","2026-07-05","35.45"
"Brinjal","Tirunelveli","2026-07-12","36.3"
"Brinjal","Tirunelveli","2026-07-19","37.22"
"Brinjal","Tirunelveli","2026-07-26","38.19"
"Brinjal","Tirunelveli","2026-08-02","39.17"
"Brinjal","Tirunelveli","2026-08-09","40.14"
"Brinjal","Tirunelveli","2026-08-16","41.05"
"Brinjal","Tirunelveli","2026-08-23","41.87"
"Brinjal","Tirunelveli","2026-08-30","42.59"
"Brinjal","Tirunelveli","2026-09-06","43.16"
"Brinjal","Tirunelveli","2026-09-13","43.59"
"Brinjal","Tirunelveli","2026-09-20","43.85"
"Brinjal","Tirunelveli","2026-09-27","43.94"
"Brinjal","Palayamkottai","2025-09-28","41.68"
"Brinjal","Palayamkottai","2025-10-05","41.57"
"Brinjal","Palayamkottai","2025-10-12","41.37"
"Brinjal","Palayamkottai","2025-10-19","41.09"
"Brinjal","Palayamkottai","2025-10-26","40.77"
"Brinjal","Palayamkottai","2025-11-02","40.43"
"Brinjal","Palayamkottai","2025-11-09","40.08"
"Brinjal","Palayamkottai","2025-11-16","39.76"
"Brinjal","Palayamkottai","2025-11-23","39.48"
"Brinjal","Palayamkottai","2025-11-30","39.24"
"Brinjal","Palayamkottai","2025-12-07","39.06"
"Brinjal","Palayamkottai","2025-12-14","38.93"
"Brinjal","Palayamkottai","2025-12-21","38.85"
"Brinjal","Palayamkottai","2025-12-28","38.8"
"Brinjal","Palayamkottai","2026-01-04","38.78"
"Brinjal","Palayamkottai","2026-01-11","38.76"
"Brinjal","Palayamkottai","2026-01-18","38.73"
"Brinjal","Palayamkottai","2026-01-25","38.66"
"Brinjal","Palayamkottai","2026-02-01","38.55"
"Brinjal","Palayamkottai","2026-02-08","38.38"
"Brinjal","Palayamkottai","2026-02-15","38.13"
"Brinjal","Palayamkottai","2026-02-22","37.81"
"Brinjal","Palayamkottai","2026-03-01","37.42"
"Brinjal","Palayamkottai","2026-03-08","36.97"
"Brinjal","Palayamkottai","2026-03-15","36.47"
"Brinjal","Palayamkottai","2026-03-22","35.94"
"Brinjal","Palayamkottai","2026-03-29","35.41"
"Brinjal","Palayamkottai","2026-04-05","34.9"
"Brinjal","Palayamkottai","2026-04-12","34.44"
"Brinjal","Palayamkottai","2026-04-19","34.07"
"Brinjal","Palayamkottai","2026-04-26","33.8"
"Brinjal","Palayamkottai","2026-05-03","33.66"
"Brinjal","Palayamkottai","2026-05-10","33.67"
"Brinjal","Palayamkottai","2026-05-17","33.85"
"Brinjal","Palayamkottai","2026-05-24","34.19"
"Brinjal","Palayamkottai","2026-05-31","34.69"
"Brinjal","Palayamkottai","2026-06-07","35.35"
"Brinjal","Palayamkottai","2026-06-14","36.15"
"Brinjal","Palayamkottai","2026-06-21","37.06"
"Brinjal","Palayamkottai","2026-06-28","38.05"
"Brinjal","Palayamkottai","2026-07-05","39.09"
"Brinjal","Palayamkottai","2026-07-12","40.14"
"Brinjal","Palayamkottai","2026-07-19","41.18"
"Brinjal","Palayamkottai","2026-07-26","42.15"
"Brinjal","Palayamkottai","2026-08-02","43.03"
"Brinjal","Palayamkottai","2026-08-09","43.81"
"Brinjal","Palayamkottai","2026-08-16","44.44"
"Brinjal","Palayamkottai","2026-08-23","44.93"
"Brinjal","Palayamkottai","2026-08-30","45.26"
"Brinjal","Palayamkottai","2026-09-06","45.44"
"Brinjal","Palayamkottai","2026-09-13","45.47"
"Brinjal","Palayamkottai","2026-09-20","45.37"
"Brinjal","Palayamkottai","2026-09-27","45.17"
"Brinjal","Thoothukudi","2025-09-28","36.31"
"Brinjal","Thoothukudi","2025-10-05","36.22"
"Brinjal","Thoothukudi","2025-10-12","36.14"
"Brinjal","Thoothukudi","2025-10-19","36.08"
"Brinjal","Thoothukudi","2025-10-26","36.05"
"Brinjal","Thoothukudi","2025-11-02","36.06"
"Brinjal","Thoothukudi","2025-11-09","36.1"
"Brinjal","Thoothukudi","2025-11-16","36.17"
"Brinjal","Thoothukudi","2025-11-23","36.27"
"Brinjal","Thoothukudi","2025-11-30","36.38"
"Brinjal","Thoothukudi","2025-12-07","36.49"
"Brinjal","Thoothukudi","2025-12-14","36.58"
"Brinjal","Thoothukudi","2025-12-21","36.63"
"Brinjal","Thoothukudi","2025-12-28","36.62"
"Brinjal","Thoothukudi","2026-01-04","36.54"
"Brinjal","Thoothukudi","2026-01-11","36.38"
"Brinjal","Thoothukudi","2026-01-18","36.12"
"Brinjal","Thoothukudi","2026-01-25","35.77"
"Brinjal","Thoothukudi","2026-02-01","35.33"
"Brinjal","Thoothukudi","2026-02-08","34.8"
"Brinjal","Thoothukudi","2026-02-15","34.21"
"Brinjal","Thoothukudi","2026-02-22","33.57"
"Brinjal","Thoothukudi","2026-03-01","32.9"
"Brinjal","Thoothukudi","2026-03-08","32.24"
"Brinjal","Thoothukudi","2026-03-15","31.61"
"Brinjal","Thoothukudi","2026-03-22","31.05"
"Brinjal","Thoothukudi","2026-03-29","30.57"
"Brinjal","Thoothukudi","2026-04-05","30.21"
"Brinjal","Thoothukudi","2026-04-12","29.98"
"Brinjal","Thoothukudi","2026-04-19","29.9"
"Brinjal","Thoothukudi","2026-04-26","29.98"
"Brinjal","Thoothukudi","2026-05-03","30.22"
"Brinjal","Thoothukudi","2026-05-10","30.61"
"Brinjal","Thoothukudi","2026-05-17","31.15"
"Brinjal","Thoothukudi","2026-05-24","31.8"
"Brinjal","Thoothukudi","2026-05-31","32.55"
"Brinjal","Thoothukudi","2026-06-07","33.38"
"Brinjal","Thoothukudi","2026-06-14","34.24"
"Brinjal","Thoothukudi","2026-06-21","35.11"
"Brinjal","Thoothukudi","2026-06-28","35.96"
"Brinjal","Thoothukudi","2026-07-05","36.76"
"Brinjal","Thoothukudi","2026-07-12","37.49"
"Brinjal","Thoothukudi","2026-07-19","38.13"
"Brinjal","Thoothukudi","2026-07-26","38.66"
"Brinjal","Thoothukudi","2026-08-02","39.08"
"Brinjal","Thoothukudi","2026-08-09","39.39"
"Brinjal","Thoothukudi","2026-08-16","39.59"
"Brinjal","Thoothukudi","2026-08-23","39.7"
"Brinjal","Thoothukudi","2026-08-30","39.72"
"Brinjal","Thoothukudi","2026-09-06","39.69"
"Brinjal","Thoothukudi","2026-09-13","39.61"
"Brinjal","Thoothukudi","2026-09-20","39.52"
"Brinjal","Thoothukudi","2026-09-27","39.43"
"Brinjal","Madurai","2025-09-28","40.24"
"Brinjal","Madurai","2025-10-05","40.5"
"Brinjal","Madurai","2025-10-12","40.81"
"Brinjal","Madurai","2025-10-19","41.15"
"Brinjal","Madurai","2025-10-26","41.51"
"Brinjal","Madurai","2025-11-02","41.89"
"Brinjal","Madurai","2025-11-09","42.24"
"Brinjal","Madurai","2025-11-16","42.56"
"Brinjal","Madurai","2025-11-23","42.81"
"Brinjal","Madurai","2025-11-30","42.98"
"Brinjal","Madurai","2025-12-07","43.04"
"Brinjal","Madurai","2025-12-14","42.97"
"Brinjal","Madurai","2025-12-21","42.78"
"Brinjal","Madurai","2025-12-28","42.44"
"Brinjal","Madurai","2026-01-04","41.96"
"Brinjal","Madurai","2026-01-11","41.36"
"Brinjal","Madurai","2026-01-18","40.65"
"Brinjal","Madurai","2026-01-25","39.85"
"Brinjal","Madurai","2026-02-01","39"
"Brinjal","Madurai","2026-02-08","38.12"
"Brinjal","Madurai","2026-02-15","37.24"
"Brinjal","Madurai","2026-02-22","36.42"
"Brinjal","Madurai","2026-03-01","35.67"
"Brinjal","Madurai","2026-03-08","35.03"
"Brinjal","Madurai","2026-03-15","34.52"
"Brinjal","Madurai","2026-03-22","34.18"
"Brinjal","Madurai","2026-03-29","34"
"Brinjal","Madurai","2026-04-05","34"
"Brinjal","Madurai","2026-04-12","34.17"
"Brinjal","Madurai","2026-04-19","34.5"
"Brinjal","Madurai","2026-04-26","34.98"
"Brinjal","Madurai","2026-05-03","35.59"
"Brinjal","Madurai","2026-05-10","36.29"
"Brinjal","Madurai","2026-05-17","37.06"
"Brinjal","Madurai","2026-05-24","37.85"
"Brinjal","Madurai","2026-05-31","38.66"
"Brinjal","Madurai","2026-06-07","39.43"
"Brinjal","Madurai","2026-06-14","40.16"
"Brinjal","Madurai","2026-06-21","40.81"
"Brinjal","Madurai","2026-06-28","41.38"
"Brinjal","Madurai","2026-07-05","41.86"
"Brinjal","Madurai","2026-07-12","42.25"
"Brinjal","Madurai","2026-07-19","42.55"
"Brinjal","Madurai","2026-07-26","42.77"
"Brinjal","Madurai","2026-08-02","42.94"
"Brinjal","Madurai","2026-08-09","43.07"
"Brinjal","Madurai","2026-08-16","43.18"
"Brinjal","Madurai","2026-08-23","43.3"
"Brinjal","Madurai","2026-08-30","43.43"
"Brinjal","Madurai","2026-09-06","43.6"
"Brinjal","Madurai","2026-09-13","43.81"
"Brinjal","Madurai","2026-09-20","44.08"
"Brinjal","Madurai","2026-09-27","44.39"
"Brinjal","Nagercoil","2025-09-28","38.57"
"Brinjal","Nagercoil","2025-10-05","39.16"
"Brinjal","Nagercoil","2025-10-12","39.74"
"Brinjal","Nagercoil","2025-10-19","40.28"
"Brinjal","Nagercoil","2025-10-26","40.76"
"Brinjal","Nagercoil","2025-11-02","41.15"
"Brinjal","Nagercoil","2025-11-09","41.43"
"Brinjal","Nagercoil","2025-11-16","41.57"
"Brinjal","Nagercoil","2025-11-23","41.57"
"Brinjal","Nagercoil","2025-11-30","41.42"
"Brinjal","Nagercoil","2025-12-07","41.11"
"Brinjal","Nagercoil","2025-12-14","40.66"
"Brinjal","Nagercoil","2025-12-21","40.08"
"Brinjal","Nagercoil","2025-12-28","39.39"
"Brinjal","Nagercoil","2026-01-04","38.61"
"Brinjal","Nagercoil","2026-01-11","37.77"
"Brinjal","Nagercoil","2026-01-18","36.91"
"Brinjal","Nagercoil","2026-01-25","36.07"
"Brinjal","Nagercoil","2026-02-01","35.26"
"Brinjal","Nagercoil","2026-02-08","34.53"
"Brinjal","Nagercoil","2026-02-15","33.91"
"Brinjal","Nagercoil","2026-02-22","33.4"
"Brinjal","Nagercoil","2026-03-01","33.04"
"Brinjal","Nagercoil","2026-03-08","32.82"
"Brinjal","Nagercoil","2026-03-15","32.74"
"Brinjal","Nagercoil","2026-03-22","32.81"
"Brinjal","Nagercoil","2026-03-29","33.01"
"Brinjal","Nagercoil","2026-04-05","33.32"
"Brinjal","Nagercoil","2026-04-12","33.72"
"Brinjal","Nagercoil","2026-04-19","34.19"
"Brinjal","Nagercoil","2026-04-26","34.7"
"Brinjal","Nagercoil","2026-05-03","35.22"
"Brinjal","Nagercoil","2026-05-10","35.73"
"Brinjal","Nagercoil","2026-05-17","36.22"
"Brinjal","Nagercoil","2026-05-24","36.66"
"Brinjal","Nagercoil","2026-05-31","37.04"
"Brinjal","Nagercoil","2026-06-07","37.37"
"Brinjal","Nagercoil","2026-06-14","37.64"
"Brinjal","Nagercoil","2026-06-21","37.87"
"Brinjal","Nagercoil","2026-06-28","38.05"
"Brinjal","Nagercoil","2026-07-05","38.21"
"Brinjal","Nagercoil","2026-07-12","38.37"
"Brinjal","Nagercoil","2026-07-19","38.55"
"Brinjal","Nagercoil","2026-07-26","38.75"
"Brinjal","Nagercoil","2026-08-02","39.01"
"Brinjal","Nagercoil","2026-08-09","39.33"
"Brinjal","Nagercoil","2026-08-16","39.71"
"Brinjal","Nagercoil","2026-08-23","40.17"
"Brinjal","Nagercoil","2026-08-30","40.69"
"Brinjal","Nagercoil","2026-09-06","41.27"
"Brinjal","Nagercoil","2026-09-13","41.89"
"Brinjal","Nagercoil","2026-09-20","42.53"
"Brinjal","Nagercoil","2026-09-27","43.16"
"Banana","Tirunelveli","2025-09-28","43.88"
"Banana","Tirunelveli","2025-10-05","43.91"
"Banana","Tirunelveli","2025-10-12","43.77"
"Banana","Tirunelveli","2025-10-19","43.47"
"Banana","Tirunelveli","2025-10-26","43.03"
"Banana","Tirunelveli","2025-11-02","42.47"
"Banana","Tirunelveli","2025-11-09","41.82"
"Banana","Tirunelveli","2025-11-16","41.11"
"Banana","Tirunelveli","2025-11-23","40.36"
"Banana","Tirunelveli","2025-11-30","39.62"
"Banana","Tirunelveli","2025-12-07","38.91"
"Banana","Tirunelveli","2025-12-14","38.26"
"Banana","Tirunelveli","2025-12-21","37.69"
"Banana","Tirunelveli","2025-12-28","37.22"
"Banana","Tirunelveli","2026-01-04","36.85"
"Banana","Tirunelveli","2026-01-11","36.59"
"Banana","Tirunelveli","2026-01-18","36.44"
"Banana","Tirunelveli","2026-01-25","36.37"
"Banana","Tirunelveli","2026-02-01","36.39"
"Banana","Tirunelveli","2026-02-08","36.47"
"Banana","Tirunelveli","2026-02-15","36.59"
"Banana","Tirunelveli","2026-02-22","36.73"
"Banana","Tirunelveli","2026-03-01","36.88"
"Banana","Tirunelveli","2026-03-08","37"
"Banana","Tirunelveli","2026-03-15","37.09"
"Banana","Tirunelveli","2026-03-22","37.14"
"Banana","Tirunelveli","2026-03-29","37.15"
"Banana","Tirunelveli","2026-04-05","37.12"
"Banana","Tirunelveli","2026-04-12","37.06"
"Banana","Tirunelveli","2026-04-19","36.98"
"Banana","Tirunelveli","2026-04-26","36.89"
"Banana","Tirunelveli","2026-05-03","36.83"
"Banana","Tirunelveli","2026-05-10","36.81"
"Banana","Tirunelveli","2026-05-17","36.85"
"Banana","Tirunelveli","2026-05-24","36.98"
"Banana","Tirunelveli","2026-05-31","37.21"
"Banana","Tirunelveli","2026-06-07","37.56"
"Banana","Tirunelveli","2026-06-14","38.03"
"Banana","Tirunelveli","2026-06-21","38.63"
"Banana","Tirunelveli","2026-06-28","39.34"
"Banana","Tirunelveli","2026-07-05","40.16"
"Banana","Tirunelveli","2026-07-12","41.06"
"Banana","Tirunelveli","2026-07-19","42.02"
"Banana","Tirunelveli","2026-07-26","43.01"
"Banana","Tirunelveli","2026-08-02","43.98"
"Banana","Tirunelveli","2026-08-09","44.91"
"Banana","Tirunelveli","2026-08-16","45.77"
"Banana","Tirunelveli","2026-08-23","46.51"
"Banana","Tirunelveli","2026-08-30","47.11"
"Banana","Tirunelveli","2026-09-06","47.55"
"Banana","Tirunelveli","2026-09-13","47.81"
"Banana","Tirunelveli","2026-09-20","47.89"
"Banana","Tirunelveli","2026-09-27","47.78"
"Banana","Palayamkottai","2025-09-28","45.68"
"Banana","Palayamkottai","2025-10-05","45.36"
"Banana","Palayamkottai","2025-10-12","44.93"
"Banana","Palayamkottai","2025-10-19","44.42"
"Banana","Palayamkottai","2025-10-26","43.87"
"Banana","Palayamkottai","2025-11-02","43.3"
"Banana","Palayamkottai","2025-11-09","42.73"
"Banana","Palayamkottai","2025-11-16","42.2"
"Banana","Palayamkottai","2025-11-23","41.73"
"Banana","Palayamkottai","2025-11-30","41.33"
"Banana","Palayamkottai","2025-12-07","41"
"Banana","Palayamkottai","2025-12-14","40.75"
"Banana","Palayamkottai","2025-12-21","40.58"
"Banana","Palayamkottai","2025-12-28","40.47"
"Banana","Palayamkottai","2026-01-04","40.41"
"Banana","Palayamkottai","2026-01-11","40.39"
"Banana","Palayamkottai","2026-01-18","40.37"
"Banana","Palayamkottai","2026-01-25","40.35"
"Banana","Palayamkottai","2026-02-01","40.3"
"Banana","Palayamkottai","2026-02-08","40.2"
"Banana","Palayamkottai","2026-02-15","40.06"
"Banana","Palayamkottai","2026-02-22","39.86"
"Banana","Palayamkottai","2026-03-01","39.59"
"Banana","Palayamkottai","2026-03-08","39.28"
"Banana","Palayamkottai","2026-03-15","38.93"
"Banana","Palayamkottai","2026-03-22","38.56"
"Banana","Palayamkottai","2026-03-29","38.19"
"Banana","Palayamkottai","2026-04-05","37.85"
"Banana","Palayamkottai","2026-04-12","37.57"
"Banana","Palayamkottai","2026-04-19","37.38"
"Banana","Palayamkottai","2026-04-26","37.29"
"Banana","Palayamkottai","2026-05-03","37.35"
"Banana","Palayamkottai","2026-05-10","37.55"
"Banana","Palayamkottai","2026-05-17","37.91"
"Banana","Palayamkottai","2026-05-24","38.44"
"Banana","Palayamkottai","2026-05-31","39.12"
"Banana","Palayamkottai","2026-06-07","39.95"
"Banana","Palayamkottai","2026-06-14","40.91"
"Banana","Palayamkottai","2026-06-21","41.96"
"Banana","Palayamkottai","2026-06-28","43.07"
"Banana","Palayamkottai","2026-07-05","44.21"
"Banana","Palayamkottai","2026-07-12","45.34"
"Banana","Palayamkottai","2026-07-19","46.41"
"Banana","Palayamkottai","2026-07-26","47.4"
"Banana","Palayamkottai","2026-08-02","48.26"
"Banana","Palayamkottai","2026-08-09","48.98"
"Banana","Palayamkottai","2026-08-16","49.52"
"Banana","Palayamkottai","2026-08-23","49.89"
"Banana","Palayamkottai","2026-08-30","50.06"
"Banana","Palayamkottai","2026-09-06","50.06"
"Banana","Palayamkottai","2026-09-13","49.88"
"Banana","Palayamkottai","2026-09-20","49.56"
"Banana","Palayamkottai","2026-09-27","49.12"
"Banana","Thoothukudi","2025-09-28","39.8"
"Banana","Thoothukudi","2025-10-05","39.53"
"Banana","Thoothukudi","2025-10-12","39.25"
"Banana","Thoothukudi","2025-10-19","39"
"Banana","Thoothukudi","2025-10-26","38.78"
"Banana","Thoothukudi","2025-11-02","38.6"
"Banana","Thoothukudi","2025-11-09","38.48"
"Banana","Thoothukudi","2025-11-16","38.39"
"Banana","Thoothukudi","2025-11-23","38.35"
"Banana","Thoothukudi","2025-11-30","38.34"
"Banana","Thoothukudi","2025-12-07","38.34"
"Banana","Thoothukudi","2025-12-14","38.34"
"Banana","Thoothukudi","2025-12-21","38.32"
"Banana","Thoothukudi","2025-12-28","38.26"
"Banana","Thoothukudi","2026-01-04","38.15"
"Banana","Thoothukudi","2026-01-11","37.96"
"Banana","Thoothukudi","2026-01-18","37.7"
"Banana","Thoothukudi","2026-01-25","37.36"
"Banana","Thoothukudi","2026-02-01","36.95"
"Banana","Thoothukudi","2026-02-08","36.47"
"Banana","Thoothukudi","2026-02-15","35.93"
"Banana","Thoothukudi","2026-02-22","35.36"
"Banana","Thoothukudi","2026-03-01","34.78"
"Banana","Thoothukudi","2026-03-08","34.22"
"Banana","Thoothukudi","2026-03-15","33.71"
"Banana","Thoothukudi","2026-03-22","33.28"
"Banana","Thoothukudi","2026-03-29","32.96"
"Banana","Thoothukudi","2026-04-05","32.76"
"Banana","Thoothukudi","2026-04-12","32.71"
"Banana","Thoothukudi","2026-04-19","32.82"
"Banana","Thoothukudi","2026-04-26","33.09"
"Banana","Thoothukudi","2026-05-03","33.53"
"Banana","Thoothukudi","2026-05-10","34.13"
"Banana","Thoothukudi","2026-05-17","34.87"
"Banana","Thoothukudi","2026-05-24","35.72"
"Banana","Thoothukudi","2026-05-31","36.66"
"Banana","Thoothukudi","2026-06-07","37.66"
"Banana","Thoothukudi","2026-06-14","38.68"
"Banana","Thoothukudi","2026-06-21","39.68"
"Banana","Thoothukudi","2026-06-28","40.64"
"Banana","Thoothukudi","2026-07-05","41.52"
"Banana","Thoothukudi","2026-07-12","42.29"
"Banana","Thoothukudi","2026-07-19","42.94"
"Banana","Thoothukudi","2026-07-26","43.45"
"Banana","Thoothukudi","2026-08-02","43.82"
"Banana","Thoothukudi","2026-08-09","44.05"
"Banana","Thoothukudi","2026-08-16","44.13"
"Banana","Thoothukudi","2026-08-23","44.1"
"Banana","Thoothukudi","2026-08-30","43.96"
"Banana","Thoothukudi","2026-09-06","43.75"
"Banana","Thoothukudi","2026-09-13","43.48"
"Banana","Thoothukudi","2026-09-20","43.18"
"Banana","Thoothukudi","2026-09-27","42.87"
"Banana","Madurai","2025-09-28","44.12"
"Banana","Madurai","2025-10-05","44.2"
"Banana","Madurai","2025-10-12","44.32"
"Banana","Madurai","2025-10-19","44.48"
"Banana","Madurai","2025-10-26","44.66"
"Banana","Madurai","2025-11-02","44.86"
"Banana","Madurai","2025-11-09","45.05"
"Banana","Madurai","2025-11-16","45.21"
"Banana","Madurai","2025-11-23","45.32"
"Banana","Madurai","2025-11-30","45.35"
"Banana","Madurai","2025-12-07","45.28"
"Banana","Madurai","2025-12-14","45.1"
"Banana","Madurai","2025-12-21","44.8"
"Banana","Madurai","2025-12-28","44.37"
"Banana","Madurai","2026-01-04","43.82"
"Banana","Madurai","2026-01-11","43.17"
"Banana","Madurai","2026-01-18","42.41"
"Banana","Madurai","2026-01-25","41.6"
"Banana","Madurai","2026-02-01","40.74"
"Banana","Madurai","2026-02-08","39.88"
"Banana","Madurai","2026-02-15","39.06"
"Banana","Madurai","2026-02-22","38.3"
"Banana","Madurai","2026-03-01","37.65"
"Banana","Madurai","2026-03-08","37.14"
"Banana","Madurai","2026-03-15","36.79"
"Banana","Madurai","2026-03-22","36.62"
"Banana","Madurai","2026-03-29","36.65"
"Banana","Madurai","2026-04-05","36.87"
"Banana","Madurai","2026-04-12","37.28"
"Banana","Madurai","2026-04-19","37.86"
"Banana","Madurai","2026-04-26","38.6"
"Banana","Madurai","2026-05-03","39.46"
"Banana","Madurai","2026-05-10","40.41"
"Banana","Madurai","2026-05-17","41.42"
"Banana","Madurai","2026-05-24","42.45"
"Banana","Madurai","2026-05-31","43.46"
"Banana","Madurai","2026-06-07","44.42"
"Banana","Madurai","2026-06-14","45.3"
"Banana","Madurai","2026-06-21","46.08"
"Banana","Madurai","2026-06-28","46.74"
"Banana","Madurai","2026-07-05","47.27"
"Banana","Madurai","2026-07-12","47.67"
"Banana","Madurai","2026-07-19","47.95"
"Banana","Madurai","2026-07-26","48.12"
"Banana","Madurai","2026-08-02","48.21"
"Banana","Madurai","2026-08-09","48.22"
"Banana","Madurai","2026-08-16","48.19"
"Banana","Madurai","2026-08-23","48.15"
"Banana","Madurai","2026-08-30","48.1"
"Banana","Madurai","2026-09-06","48.08"
"Banana","Madurai","2026-09-13","48.1"
"Banana","Madurai","2026-09-20","48.16"
"Banana","Madurai","2026-09-27","48.27"
"Banana","Nagercoil","2025-09-28","42.28"
"Banana","Nagercoil","2025-10-05","42.73"
"Banana","Nagercoil","2025-10-12","43.16"
"Banana","Nagercoil","2025-10-19","43.55"
"Banana","Nagercoil","2025-10-26","43.87"
"Banana","Nagercoil","2025-11-02","44.1"
"Banana","Nagercoil","2025-11-09","44.21"
"Banana","Nagercoil","2025-11-16","44.19"
"Banana","Nagercoil","2025-11-23","44.03"
"Banana","Nagercoil","2025-11-30","43.72"
"Banana","Nagercoil","2025-12-07","43.27"
"Banana","Nagercoil","2025-12-14","42.68"
"Banana","Nagercoil","2025-12-21","41.96"
"Banana","Nagercoil","2025-12-28","41.15"
"Banana","Nagercoil","2026-01-04","40.27"
"Banana","Nagercoil","2026-01-11","39.36"
"Banana","Nagercoil","2026-01-18","38.45"
"Banana","Nagercoil","2026-01-25","37.58"
"Banana","Nagercoil","2026-02-01","36.77"
"Banana","Nagercoil","2026-02-08","36.08"
"Banana","Nagercoil","2026-02-15","35.51"
"Banana","Nagercoil","2026-02-22","35.1"
"Banana","Nagercoil","2026-03-01","34.86"
"Banana","Nagercoil","2026-03-08","34.79"
"Banana","Nagercoil","2026-03-15","34.9"
"Banana","Nagercoil","2026-03-22","35.17"
"Banana","Nagercoil","2026-03-29","35.59"
"Banana","Nagercoil","2026-04-05","36.14"
"Banana","Nagercoil","2026-04-12","36.78"
"Banana","Nagercoil","2026-04-19","37.5"
"Banana","Nagercoil","2026-04-26","38.25"
"Banana","Nagercoil","2026-05-03","39.01"
"Banana","Nagercoil","2026-05-10","39.75"
"Banana","Nagercoil","2026-05-17","40.45"
"Banana","Nagercoil","2026-05-24","41.08"
"Banana","Nagercoil","2026-05-31","41.63"
"Banana","Nagercoil","2026-06-07","42.1"
"Banana","Nagercoil","2026-06-14","42.48"
"Banana","Nagercoil","2026-06-21","42.78"
"Banana","Nagercoil","2026-06-28","43.02"
"Banana","Nagercoil","2026-07-05","43.21"
"Banana","Nagercoil","2026-07-12","43.37"
"Banana","Nagercoil","2026-07-19","43.51"
"Banana","Nagercoil","2026-07-26","43.67"
"Banana","Nagercoil","2026-08-02","43.85"
"Banana","Nagercoil","2026-08-09","44.07"
"Banana","Nagercoil","2026-08-16","44.35"
"Banana","Nagercoil","2026-08-23","44.69"
"Banana","Nagercoil","2026-08-30","45.08"
"Banana","Nagercoil","2026-09-06","45.51"
"Banana","Nagercoil","2026-09-13","45.98"
"Banana","Nagercoil","2026-09-20","46.46"
"Banana","Nagercoil","2026-09-27","46.93"
"Paddy","Tirunelveli","2025-09-28","33.35"
"Paddy","Tirunelveli","2025-10-05","33.22"
"Paddy","Tirunelveli","2025-10-12","32.98"
"Paddy","Tirunelveli","2025-10-19","32.61"
"Paddy","Tirunelveli","2025-10-26","32.15"
"Paddy","Tirunelveli","2025-11-02","31.6"
"Paddy","Tirunelveli","2025-11-09","31"
"Paddy","Tirunelveli","2025-11-16","30.36"
"Paddy","Tirunelveli","2025-11-23","29.72"
"Paddy","Tirunelveli","2025-11-30","29.09"
"Paddy","Tirunelveli","2025-12-07","28.51"
"Paddy","Tirunelveli","2025-12-14","27.99"
"Paddy","Tirunelveli","2025-12-21","27.55"
"Paddy","Tirunelveli","2025-12-28","27.21"
"Paddy","Tirunelveli","2026-01-04","26.96"
"Paddy","Tirunelveli","2026-01-11","26.81"
"Paddy","Tirunelveli","2026-01-18","26.76"
"Paddy","Tirunelveli","2026-01-25","26.8"
"Paddy","Tirunelveli","2026-02-01","26.91"
"Paddy","Tirunelveli","2026-02-08","27.09"
"Paddy","Tirunelveli","2026-02-15","27.31"
"Paddy","Tirunelveli","2026-02-22","27.55"
"Paddy","Tirunelveli","2026-03-01","27.81"
"Paddy","Tirunelveli","2026-03-08","28.05"
"Paddy","Tirunelveli","2026-03-15","28.28"
"Paddy","Tirunelveli","2026-03-22","28.47"
"Paddy","Tirunelveli","2026-03-29","28.63"
"Paddy","Tirunelveli","2026-04-05","28.76"
"Paddy","Tirunelveli","2026-04-12","28.85"
"Paddy","Tirunelveli","2026-04-19","28.93"
"Paddy","Tirunelveli","2026-04-26","28.99"
"Paddy","Tirunelveli","2026-05-03","29.05"
"Paddy","Tirunelveli","2026-05-10","29.13"
"Paddy","Tirunelveli","2026-05-17","29.25"
"Paddy","Tirunelveli","2026-05-24","29.41"
"Paddy","Tirunelveli","2026-05-31","29.63"
"Paddy","Tirunelveli","2026-06-07","29.92"
"Paddy","Tirunelveli","2026-06-14","30.29"
"Paddy","Tirunelveli","2026-06-21","30.74"
"Paddy","Tirunelveli","2026-06-28","31.25"
"Paddy","Tirunelveli","2026-07-05","31.82"
"Paddy","Tirunelveli","2026-07-12","32.44"
"Paddy","Tirunelveli","2026-07-19","33.08"
"Paddy","Tirunelveli","2026-07-26","33.73"
"Paddy","Tirunelveli","2026-08-02","34.36"
"Paddy","Tirunelveli","2026-08-09","34.94"
"Paddy","Tirunelveli","2026-08-16","35.45"
"Paddy","Tirunelveli","2026-08-23","35.86"
"Paddy","Tirunelveli","2026-08-30","36.17"
"Paddy","Tirunelveli","2026-09-06","36.34"
"Paddy","Tirunelveli","2026-09-13","36.38"
"Paddy","Tirunelveli","2026-09-20","36.28"
"Paddy","Tirunelveli","2026-09-27","36.04"
"Paddy","Palayamkottai","2025-09-28","34.71"
"Paddy","Palayamkottai","2025-10-05","34.31"
"Paddy","Palayamkottai","2025-10-12","33.83"
"Paddy","Palayamkottai","2025-10-19","33.3"
"Paddy","Palayamkottai","2025-10-26","32.74"
"Paddy","Palayamkottai","2025-11-02","32.18"
"Paddy","Palayamkottai","2025-11-09","31.64"
"Paddy","Palayamkottai","2025-11-16","31.14"
"Paddy","Palayamkottai","2025-11-23","30.7"
"Paddy","Palayamkottai","2025-11-30","30.33"
"Paddy","Palayamkottai","2025-12-07","30.03"
"Paddy","Palayamkottai","2025-12-14","29.82"
"Paddy","Palayamkottai","2025-12-21","29.68"
"Paddy","Palayamkottai","2025-12-28","29.61"
"Paddy","Palayamkottai","2026-01-04","29.6"
"Paddy","Palayamkottai","2026-01-11","29.64"
"Paddy","Palayamkottai","2026-01-18","29.7"
"Paddy","Palayamkottai","2026-01-25","29.77"
"Paddy","Palayamkottai","2026-02-01","29.84"
"Paddy","Palayamkottai","2026-02-08","29.89"
"Paddy","Palayamkottai","2026-02-15","29.92"
"Paddy","Palayamkottai","2026-02-22","29.91"
"Paddy","Palayamkottai","2026-03-01","29.86"
"Paddy","Palayamkottai","2026-03-08","29.78"
"Paddy","Palayamkottai","2026-03-15","29.67"
"Paddy","Palayamkottai","2026-03-22","29.56"
"Paddy","Palayamkottai","2026-03-29","29.44"
"Paddy","Palayamkottai","2026-04-05","29.34"
"Paddy","Palayamkottai","2026-04-12","29.28"
"Paddy","Palayamkottai","2026-04-19","29.27"
"Paddy","Palayamkottai","2026-04-26","29.34"
"Paddy","Palayamkottai","2026-05-03","29.5"
"Paddy","Palayamkottai","2026-05-10","29.76"
"Paddy","Palayamkottai","2026-05-17","30.12"
"Paddy","Palayamkottai","2026-05-24","30.59"
"Paddy","Palayamkottai","2026-05-31","31.16"
"Paddy","Palayamkottai","2026-06-07","31.83"
"Paddy","Palayamkottai","2026-06-14","32.56"
"Paddy","Palayamkottai","2026-06-21","33.35"
"Paddy","Palayamkottai","2026-06-28","34.17"
"Paddy","Palayamkottai","2026-07-05","34.98"
"Paddy","Palayamkottai","2026-07-12","35.77"
"Paddy","Palayamkottai","2026-07-19","36.5"
"Paddy","Palayamkottai","2026-07-26","37.14"
"Paddy","Palayamkottai","2026-08-02","37.67"
"Paddy","Palayamkottai","2026-08-09","38.08"
"Paddy","Palayamkottai","2026-08-16","38.35"
"Paddy","Palayamkottai","2026-08-23","38.46"
"Paddy","Palayamkottai","2026-08-30","38.43"
"Paddy","Palayamkottai","2026-09-06","38.26"
"Paddy","Palayamkottai","2026-09-13","37.95"
"Paddy","Palayamkottai","2026-09-20","37.54"
"Paddy","Palayamkottai","2026-09-27","37.03"
"Paddy","Thoothukudi","2025-09-28","30.24"
"Paddy","Thoothukudi","2025-10-05","29.89"
"Paddy","Thoothukudi","2025-10-12","29.55"
"Paddy","Thoothukudi","2025-10-19","29.22"
"Paddy","Thoothukudi","2025-10-26","28.93"
"Paddy","Thoothukudi","2025-11-02","28.68"
"Paddy","Thoothukudi","2025-11-09","28.48"
"Paddy","Thoothukudi","2025-11-16","28.33"
"Paddy","Thoothukudi","2025-11-23","28.23"
"Paddy","Thoothukudi","2025-11-30","28.16"
"Paddy","Thoothukudi","2025-12-07","28.12"
"Paddy","Thoothukudi","2025-12-14","28.1"
"Paddy","Thoothukudi","2025-12-21","28.08"
"Paddy","Thoothukudi","2025-12-28","28.05"
"Paddy","Thoothukudi","2026-01-04","27.99"
"Paddy","Thoothukudi","2026-01-11","27.9"
"Paddy","Thoothukudi","2026-01-18","27.77"
"Paddy","Thoothukudi","2026-01-25","27.59"
"Paddy","Thoothukudi","2026-02-01","27.37"
"Paddy","Thoothukudi","2026-02-08","27.11"
"Paddy","Thoothukudi","2026-02-15","26.83"
"Paddy","Thoothukudi","2026-02-22","26.52"
"Paddy","Thoothukudi","2026-03-01","26.22"
"Paddy","Thoothukudi","2026-03-08","25.94"
"Paddy","Thoothukudi","2026-03-15","25.7"
"Paddy","Thoothukudi","2026-03-22","25.52"
"Paddy","Thoothukudi","2026-03-29","25.42"
"Paddy","Thoothukudi","2026-04-05","25.41"
"Paddy","Thoothukudi","2026-04-12","25.51"
"Paddy","Thoothukudi","2026-04-19","25.72"
"Paddy","Thoothukudi","2026-04-26","26.05"
"Paddy","Thoothukudi","2026-05-03","26.5"
"Paddy","Thoothukudi","2026-05-10","27.05"
"Paddy","Thoothukudi","2026-05-17","27.69"
"Paddy","Thoothukudi","2026-05-24","28.4"
"Paddy","Thoothukudi","2026-05-31","29.16"
"Paddy","Thoothukudi","2026-06-07","29.95"
"Paddy","Thoothukudi","2026-06-14","30.73"
"Paddy","Thoothukudi","2026-06-21","31.49"
"Paddy","Thoothukudi","2026-06-28","32.19"
"Paddy","Thoothukudi","2026-07-05","32.81"
"Paddy","Thoothukudi","2026-07-12","33.33"
"Paddy","Thoothukudi","2026-07-19","33.75"
"Paddy","Thoothukudi","2026-07-26","34.04"
"Paddy","Thoothukudi","2026-08-02","34.2"
"Paddy","Thoothukudi","2026-08-09","34.25"
"Paddy","Thoothukudi","2026-08-16","34.18"
"Paddy","Thoothukudi","2026-08-23","34.01"
"Paddy","Thoothukudi","2026-08-30","33.76"
"Paddy","Thoothukudi","2026-09-06","33.44"
"Paddy","Thoothukudi","2026-09-13","33.08"
"Paddy","Thoothukudi","2026-09-20","32.69"
"Paddy","Thoothukudi","2026-09-27","32.31"
"Paddy","Madurai","2025-09-28","33.52"
"Paddy","Madurai","2025-10-05","33.42"
"Paddy","Madurai","2025-10-12","33.35"
"Paddy","Madurai","2025-10-19","33.33"
"Paddy","Madurai","2025-10-26","33.33"
"Paddy","Madurai","2025-11-02","33.35"
"Paddy","Madurai","2025-11-09","33.38"
"Paddy","Madurai","2025-11-16","33.41"
"Paddy","Madurai","2025-11-23","33.4"
"Paddy","Madurai","2025-11-30","33.36"
"Paddy","Madurai","2025-12-07","33.26"
"Paddy","Madurai","2025-12-14","33.1"
"Paddy","Madurai","2025-12-21","32.87"
"Paddy","Madurai","2025-12-28","32.56"
"Paddy","Madurai","2026-01-04","32.17"
"Paddy","Madurai","2026-01-11","31.73"
"Paddy","Madurai","2026-01-18","31.23"
"Paddy","Madurai","2026-01-25","30.7"
"Paddy","Madurai","2026-02-01","30.16"
"Paddy","Madurai","2026-02-08","29.63"
"Paddy","Madurai","2026-02-15","29.13"
"Paddy","Madurai","2026-02-22","28.71"
"Paddy","Madurai","2026-03-01","28.37"
"Paddy","Madurai","2026-03-08","28.14"
"Paddy","Madurai","2026-03-15","28.04"
"Paddy","Madurai","2026-03-22","28.08"
"Paddy","Madurai","2026-03-29","28.27"
"Paddy","Madurai","2026-04-05","28.6"
"Paddy","Madurai","2026-04-12","29.07"
"Paddy","Madurai","2026-04-19","29.66"
"Paddy","Madurai","2026-04-26","30.36"
"Paddy","Madurai","2026-05-03","31.14"
"Paddy","Madurai","2026-05-10","31.98"
"Paddy","Madurai","2026-05-17","32.84"
"Paddy","Madurai","2026-05-24","33.69"
"Paddy","Madurai","2026-05-31","34.51"
"Paddy","Madurai","2026-06-07","35.28"
"Paddy","Madurai","2026-06-14","35.95"
"Paddy","Madurai","2026-06-21","36.53"
"Paddy","Madurai","2026-06-28","37"
"Paddy","Madurai","2026-07-05","37.35"
"Paddy","Madurai","2026-07-12","37.58"
"Paddy","Madurai","2026-07-19","37.7"
"Paddy","Madurai","2026-07-26","37.72"
"Paddy","Madurai","2026-08-02","37.65"
"Paddy","Madurai","2026-08-09","37.52"
"Paddy","Madurai","2026-08-16","37.35"
"Paddy","Madurai","2026-08-23","37.15"
"Paddy","Madurai","2026-08-30","36.94"
"Paddy","Madurai","2026-09-06","36.75"
"Paddy","Madurai","2026-09-13","36.59"
"Paddy","Madurai","2026-09-20","36.46"
"Paddy","Madurai","2026-09-27","36.38"
"Paddy","Nagercoil","2025-09-28","32.13"
"Paddy","Nagercoil","2025-10-05","32.32"
"Paddy","Nagercoil","2025-10-12","32.5"
"Paddy","Nagercoil","2025-10-19","32.65"
"Paddy","Nagercoil","2025-10-26","32.76"
"Paddy","Nagercoil","2025-11-02","32.82"
"Paddy","Nagercoil","2025-11-09","32.8"
"Paddy","Nagercoil","2025-11-16","32.69"
"Paddy","Nagercoil","2025-11-23","32.49"
"Paddy","Nagercoil","2025-11-30","32.19"
"Paddy","Nagercoil","2025-12-07","31.8"
"Paddy","Nagercoil","2025-12-14","31.32"
"Paddy","Nagercoil","2025-12-21","30.77"
"Paddy","Nagercoil","2025-12-28","30.17"
"Paddy","Nagercoil","2026-01-04","29.53"
"Paddy","Nagercoil","2026-01-11","28.89"
"Paddy","Nagercoil","2026-01-18","28.27"
"Paddy","Nagercoil","2026-01-25","27.69"
"Paddy","Nagercoil","2026-02-01","27.18"
"Paddy","Nagercoil","2026-02-08","26.76"
"Paddy","Nagercoil","2026-02-15","26.46"
"Paddy","Nagercoil","2026-02-22","26.29"
"Paddy","Nagercoil","2026-03-01","26.26"
"Paddy","Nagercoil","2026-03-08","26.36"
"Paddy","Nagercoil","2026-03-15","26.6"
"Paddy","Nagercoil","2026-03-22","26.97"
"Paddy","Nagercoil","2026-03-29","27.45"
"Paddy","Nagercoil","2026-04-05","28.02"
"Paddy","Nagercoil","2026-04-12","28.66"
"Paddy","Nagercoil","2026-04-19","29.35"
"Paddy","Nagercoil","2026-04-26","30.05"
"Paddy","Nagercoil","2026-05-03","30.75"
"Paddy","Nagercoil","2026-05-10","31.41"
"Paddy","Nagercoil","2026-05-17","32.02"
"Paddy","Nagercoil","2026-05-24","32.57"
"Paddy","Nagercoil","2026-05-31","33.04"
"Paddy","Nagercoil","2026-06-07","33.43"
"Paddy","Nagercoil","2026-06-14","33.72"
"Paddy","Nagercoil","2026-06-21","33.94"
"Paddy","Nagercoil","2026-06-28","34.09"
"Paddy","Nagercoil","2026-07-05","34.18"
"Paddy","Nagercoil","2026-07-12","34.23"
"Paddy","Nagercoil","2026-07-19","34.25"
"Paddy","Nagercoil","2026-07-26","34.26"
"Paddy","Nagercoil","2026-08-02","34.28"
"Paddy","Nagercoil","2026-08-09","34.32"
"Paddy","Nagercoil","2026-08-16","34.38"
"Paddy","Nagercoil","2026-08-23","34.48"
"Paddy","Nagercoil","2026-08-30","34.62"
"Paddy","Nagercoil","2026-09-06","34.79"
"Paddy","Nagercoil","2026-09-13","34.98"
"Paddy","Nagercoil","2026-09-20","35.18"
"Paddy","Nagercoil","2026-09-27","35.38"
"Groundnut","Tirunelveli","2025-09-28","88.19"
"Groundnut","Tirunelveli","2025-10-05","87.51"
"Groundnut","Tirunelveli","2025-10-12","86.53"
"Groundnut","Tirunelveli","2025-10-19","85.26"
"Groundnut","Tirunelveli","2025-10-26","83.77"
"Groundnut","Tirunelveli","2025-11-02","82.1"
"Groundnut","Tirunelveli","2025-11-09","80.32"
"Groundnut","Tirunelveli","2025-11-16","78.49"
"Groundnut","Tirunelveli","2025-11-23","76.7"
"Groundnut","Tirunelveli","2025-11-30","75.01"
"Groundnut","Tirunelveli","2025-12-07","73.48"
"Groundnut","Tirunelveli","2025-12-14","72.17"
"Groundnut","Tirunelveli","2025-12-21","71.12"
"Groundnut","Tirunelveli","2025-12-28","70.38"
"Groundnut","Tirunelveli","2026-01-04","69.94"
"Groundnut","Tirunelveli","2026-01-11","69.81"
"Groundnut","Tirunelveli","2026-01-18","69.99"
"Groundnut","Tirunelveli","2026-01-25","70.43"
"Groundnut","Tirunelveli","2026-02-01","71.1"
"Groundnut","Tirunelveli","2026-02-08","71.96"
"Groundnut","Tirunelveli","2026-02-15","72.96"
"Groundnut","Tirunelveli","2026-02-22","74.03"
"Groundnut","Tirunelveli","2026-03-01","75.12"
"Groundnut","Tirunelveli","2026-03-08","76.19"
"Groundnut","Tirunelveli","2026-03-15","77.2"
"Groundnut","Tirunelveli","2026-03-22","78.11"
"Groundnut","Tirunelveli","2026-03-29","78.9"
"Groundnut","Tirunelveli","2026-04-05","79.57"
"Groundnut","Tirunelveli","2026-04-12","80.13"
"Groundnut","Tirunelveli","2026-04-19","80.59"
"Groundnut","Tirunelveli","2026-04-26","80.97"
"Groundnut","Tirunelveli","2026-05-03","81.31"
"Groundnut","Tirunelveli","2026-05-10","81.65"
"Groundnut","Tirunelveli","2026-05-17","82.03"
"Groundnut","Tirunelveli","2026-05-24","82.49"
"Groundnut","Tirunelveli","2026-05-31","83.06"
"Groundnut","Tirunelveli","2026-06-07","83.76"
"Groundnut","Tirunelveli","2026-06-14","84.61"
"Groundnut","Tirunelveli","2026-06-21","85.62"
"Groundnut","Tirunelveli","2026-06-28","86.76"
"Groundnut","Tirunelveli","2026-07-05","88.03"
"Groundnut","Tirunelveli","2026-07-12","89.38"
"Groundnut","Tirunelveli","2026-07-19","90.76"
"Groundnut","Tirunelveli","2026-07-26","92.12"
"Groundnut","Tirunelveli","2026-08-02","93.4"
"Groundnut","Tirunelveli","2026-08-09","94.55"
"Groundnut","Tirunelveli","2026-08-16","95.49"
"Groundnut","Tirunelveli","2026-08-23","96.17"
"Groundnut","Tirunelveli","2026-08-30","96.56"
"Groundnut","Tirunelveli","2026-09-06","96.61"
"Groundnut","Tirunelveli","2026-09-13","96.31"
"Groundnut","Tirunelveli","2026-09-20","95.65"
"Groundnut","Tirunelveli","2026-09-27","94.65"
"Groundnut","Palayamkottai","2025-09-28","91.77"
"Groundnut","Palayamkottai","2025-10-05","90.32"
"Groundnut","Palayamkottai","2025-10-12","88.7"
"Groundnut","Palayamkottai","2025-10-19","86.98"
"Groundnut","Palayamkottai","2025-10-26","85.21"
"Groundnut","Palayamkottai","2025-11-02","83.48"
"Groundnut","Palayamkottai","2025-11-09","81.86"
"Groundnut","Palayamkottai","2025-11-16","80.39"
"Groundnut","Palayamkottai","2025-11-23","79.14"
"Groundnut","Palayamkottai","2025-11-30","78.12"
"Groundnut","Palayamkottai","2025-12-07","77.37"
"Groundnut","Palayamkottai","2025-12-14","76.89"
"Groundnut","Palayamkottai","2025-12-21","76.67"
"Groundnut","Palayamkottai","2025-12-28","76.69"
"Groundnut","Palayamkottai","2026-01-04","76.9"
"Groundnut","Palayamkottai","2026-01-11","77.28"
"Groundnut","Palayamkottai","2026-01-18","77.77"
"Groundnut","Palayamkottai","2026-01-25","78.33"
"Groundnut","Palayamkottai","2026-02-01","78.9"
"Groundnut","Palayamkottai","2026-02-08","79.45"
"Groundnut","Palayamkottai","2026-02-15","79.94"
"Groundnut","Palayamkottai","2026-02-22","80.35"
"Groundnut","Palayamkottai","2026-03-01","80.66"
"Groundnut","Palayamkottai","2026-03-08","80.89"
"Groundnut","Palayamkottai","2026-03-15","81.03"
"Groundnut","Palayamkottai","2026-03-22","81.12"
"Groundnut","Palayamkottai","2026-03-29","81.18"
"Groundnut","Palayamkottai","2026-04-05","81.27"
"Groundnut","Palayamkottai","2026-04-12","81.42"
"Groundnut","Palayamkottai","2026-04-19","81.69"
"Groundnut","Palayamkottai","2026-04-26","82.11"
"Groundnut","Palayamkottai","2026-05-03","82.71"
"Groundnut","Palayamkottai","2026-05-10","83.54"
"Groundnut","Palayamkottai","2026-05-17","84.59"
"Groundnut","Palayamkottai","2026-05-24","85.88"
"Groundnut","Palayamkottai","2026-05-31","87.38"
"Groundnut","Palayamkottai","2026-06-07","89.07"
"Groundnut","Palayamkottai","2026-06-14","90.91"
"Groundnut","Palayamkottai","2026-06-21","92.83"
"Groundnut","Palayamkottai","2026-06-28","94.78"
"Groundnut","Palayamkottai","2026-07-05","96.68"
"Groundnut","Palayamkottai","2026-07-12","98.45"
"Groundnut","Palayamkottai","2026-07-19","100.04"
"Groundnut","Palayamkottai","2026-07-26","101.37"
"Groundnut","Palayamkottai","2026-08-02","102.38"
"Groundnut","Palayamkottai","2026-08-09","103.03"
"Groundnut","Palayamkottai","2026-08-16","103.29"
"Groundnut","Palayamkottai","2026-08-23","103.15"
"Groundnut","Palayamkottai","2026-08-30","102.61"
"Groundnut","Palayamkottai","2026-09-06","101.7"
"Groundnut","Palayamkottai","2026-09-13","100.45"
"Groundnut","Palayamkottai","2026-09-20","98.93"
"Groundnut","Palayamkottai","2026-09-27","97.19"
"Groundnut","Thoothukudi","2025-09-28","79.89"
"Groundnut","Thoothukudi","2025-10-05","78.62"
"Groundnut","Thoothukudi","2025-10-12","77.39"
"Groundnut","Thoothukudi","2025-10-19","76.24"
"Groundnut","Thoothukudi","2025-10-26","75.23"
"Groundnut","Thoothukudi","2025-11-02","74.36"
"Groundnut","Thoothukudi","2025-11-09","73.67"
"Groundnut","Thoothukudi","2025-11-16","73.16"
"Groundnut","Thoothukudi","2025-11-23","72.82"
"Groundnut","Thoothukudi","2025-11-30","72.63"
"Groundnut","Thoothukudi","2025-12-07","72.56"
"Groundnut","Thoothukudi","2025-12-14","72.59"
"Groundnut","Thoothukudi","2025-12-21","72.66"
"Groundnut","Thoothukudi","2025-12-28","72.76"
"Groundnut","Thoothukudi","2026-01-04","72.82"
"Groundnut","Thoothukudi","2026-01-11","72.84"
"Groundnut","Thoothukudi","2026-01-18","72.78"
"Groundnut","Thoothukudi","2026-01-25","72.63"
"Groundnut","Thoothukudi","2026-02-01","72.39"
"Groundnut","Thoothukudi","2026-02-08","72.07"
"Groundnut","Thoothukudi","2026-02-15","71.68"
"Groundnut","Thoothukudi","2026-02-22","71.26"
"Groundnut","Thoothukudi","2026-03-01","70.85"
"Groundnut","Thoothukudi","2026-03-08","70.49"
"Groundnut","Thoothukudi","2026-03-15","70.22"
"Groundnut","Thoothukudi","2026-03-22","70.11"
"Groundnut","Thoothukudi","2026-03-29","70.18"
"Groundnut","Thoothukudi","2026-04-05","70.48"
"Groundnut","Thoothukudi","2026-04-12","71.03"
"Groundnut","Thoothukudi","2026-04-19","71.86"
"Groundnut","Thoothukudi","2026-04-26","72.96"
"Groundnut","Thoothukudi","2026-05-03","74.32"
"Groundnut","Thoothukudi","2026-05-10","75.91"
"Groundnut","Thoothukudi","2026-05-17","77.71"
"Groundnut","Thoothukudi","2026-05-24","79.64"
"Groundnut","Thoothukudi","2026-05-31","81.66"
"Groundnut","Thoothukudi","2026-06-07","83.7"
"Groundnut","Thoothukudi","2026-06-14","85.67"
"Groundnut","Thoothukudi","2026-06-21","87.52"
"Groundnut","Thoothukudi","2026-06-28","89.18"
"Groundnut","Thoothukudi","2026-07-05","90.59"
"Groundnut","Thoothukudi","2026-07-12","91.69"
"Groundnut","Thoothukudi","2026-07-19","92.47"
"Groundnut","Thoothukudi","2026-07-26","92.89"
"Groundnut","Thoothukudi","2026-08-02","92.95"
"Groundnut","Thoothukudi","2026-08-09","92.67"
"Groundnut","Thoothukudi","2026-08-16","92.07"
"Groundnut","Thoothukudi","2026-08-23","91.2"
"Groundnut","Thoothukudi","2026-08-30","90.11"
"Groundnut","Thoothukudi","2026-09-06","88.85"
"Groundnut","Thoothukudi","2026-09-13","87.48"
"Groundnut","Thoothukudi","2026-09-20","86.09"
"Groundnut","Thoothukudi","2026-09-27","84.72"
"Groundnut","Madurai","2025-09-28","88.51"
"Groundnut","Madurai","2025-10-05","87.86"
"Groundnut","Madurai","2025-10-12","87.35"
"Groundnut","Madurai","2025-10-19","86.97"
"Groundnut","Madurai","2025-10-26","86.71"
"Groundnut","Madurai","2025-11-02","86.55"
"Groundnut","Madurai","2025-11-09","86.46"
"Groundnut","Madurai","2025-11-16","86.39"
"Groundnut","Madurai","2025-11-23","86.32"
"Groundnut","Madurai","2025-11-30","86.19"
"Groundnut","Madurai","2025-12-07","85.97"
"Groundnut","Madurai","2025-12-14","85.63"
"Groundnut","Madurai","2025-12-21","85.15"
"Groundnut","Madurai","2025-12-28","84.52"
"Groundnut","Madurai","2026-01-04","83.74"
"Groundnut","Madurai","2026-01-11","82.83"
"Groundnut","Madurai","2026-01-18","81.82"
"Groundnut","Madurai","2026-01-25","80.77"
"Groundnut","Madurai","2026-02-01","79.71"
"Groundnut","Madurai","2026-02-08","78.7"
"Groundnut","Madurai","2026-02-15","77.82"
"Groundnut","Madurai","2026-02-22","77.12"
"Groundnut","Madurai","2026-03-01","76.67"
"Groundnut","Madurai","2026-03-08","76.51"
"Groundnut","Madurai","2026-03-15","76.68"
"Groundnut","Madurai","2026-03-22","77.2"
"Groundnut","Madurai","2026-03-29","78.1"
"Groundnut","Madurai","2026-04-05","79.35"
"Groundnut","Madurai","2026-04-12","80.94"
"Groundnut","Madurai","2026-04-19","82.82"
"Groundnut","Madurai","2026-04-26","84.94"
"Groundnut","Madurai","2026-05-03","87.23"
"Groundnut","Madurai","2026-05-10","89.61"
"Groundnut","Madurai","2026-05-17","92"
"Groundnut","Madurai","2026-05-24","94.32"
"Groundnut","Madurai","2026-05-31","96.49"
"Groundnut","Madurai","2026-06-07","98.45"
"Groundnut","Madurai","2026-06-14","100.13"
"Groundnut","Madurai","2026-06-21","101.48"
"Groundnut","Madurai","2026-06-28","102.48"
"Groundnut","Madurai","2026-07-05","103.12"
"Groundnut","Madurai","2026-07-12","103.39"
"Groundnut","Madurai","2026-07-19","103.33"
"Groundnut","Madurai","2026-07-26","102.97"
"Groundnut","Madurai","2026-08-02","102.36"
"Groundnut","Madurai","2026-08-09","101.55"
"Groundnut","Madurai","2026-08-16","100.61"
"Groundnut","Madurai","2026-08-23","99.6"
"Groundnut","Madurai","2026-08-30","98.58"
"Groundnut","Madurai","2026-09-06","97.61"
"Groundnut","Madurai","2026-09-13","96.73"
"Groundnut","Madurai","2026-09-20","95.97"
"Groundnut","Madurai","2026-09-27","95.36"
"Groundnut","Nagercoil","2025-09-28","84.85"
"Groundnut","Nagercoil","2025-10-05","85.01"
"Groundnut","Nagercoil","2025-10-12","85.17"
"Groundnut","Nagercoil","2025-10-19","85.3"
"Groundnut","Nagercoil","2025-10-26","85.35"
"Groundnut","Nagercoil","2025-11-02","85.28"
"Groundnut","Nagercoil","2025-11-09","85.06"
"Groundnut","Nagercoil","2025-11-16","84.65"
"Groundnut","Nagercoil","2025-11-23","84.05"
"Groundnut","Nagercoil","2025-11-30","83.24"
"Groundnut","Nagercoil","2025-12-07","82.22"
"Groundnut","Nagercoil","2025-12-14","81.03"
"Groundnut","Nagercoil","2025-12-21","79.7"
"Groundnut","Nagercoil","2025-12-28","78.27"
"Groundnut","Nagercoil","2026-01-04","76.79"
"Groundnut","Nagercoil","2026-01-11","75.34"
"Groundnut","Nagercoil","2026-01-18","73.98"
"Groundnut","Nagercoil","2026-01-25","72.77"
"Groundnut","Nagercoil","2026-02-01","71.78"
"Groundnut","Nagercoil","2026-02-08","71.06"
"Groundnut","Nagercoil","2026-02-15","70.67"
"Groundnut","Nagercoil","2026-02-22","70.63"
"Groundnut","Nagercoil","2026-03-01","70.96"
"Groundnut","Nagercoil","2026-03-08","71.67"
"Groundnut","Nagercoil","2026-03-15","72.73"
"Groundnut","Nagercoil","2026-03-22","74.11"
"Groundnut","Nagercoil","2026-03-29","75.77"
"Groundnut","Nagercoil","2026-04-05","77.65"
"Groundnut","Nagercoil","2026-04-12","79.69"
"Groundnut","Nagercoil","2026-04-19","81.8"
"Groundnut","Nagercoil","2026-04-26","83.92"
"Groundnut","Nagercoil","2026-05-03","85.97"
"Groundnut","Nagercoil","2026-05-10","87.88"
"Groundnut","Nagercoil","2026-05-17","89.61"
"Groundnut","Nagercoil","2026-05-24","91.1"
"Groundnut","Nagercoil","2026-05-31","92.33"
"Groundnut","Nagercoil","2026-06-07","93.27"
"Groundnut","Nagercoil","2026-06-14","93.94"
"Groundnut","Nagercoil","2026-06-21","94.34"
"Groundnut","Nagercoil","2026-06-28","94.49"
"Groundnut","Nagercoil","2026-07-05","94.45"
"Groundnut","Nagercoil","2026-07-12","94.25"
"Groundnut","Nagercoil","2026-07-19","93.95"
"Groundnut","Nagercoil","2026-07-26","93.59"
"Groundnut","Nagercoil","2026-08-02","93.22"
"Groundnut","Nagercoil","2026-08-09","92.89"
"Groundnut","Nagercoil","2026-08-16","92.63"
"Groundnut","Nagercoil","2026-08-23","92.45"
"Groundnut","Nagercoil","2026-08-30","92.38"
"Groundnut","Nagercoil","2026-09-06","92.4"
"Groundnut","Nagercoil","2026-09-13","92.49"
"Groundnut","Nagercoil","2026-09-20","92.64"
"Groundnut","Nagercoil","2026-09-27","92.81"
"Coconut","Tirunelveli","2025-09-28","34.08"
"Coconut","Tirunelveli","2025-10-05","33.71"
"Coconut","Tirunelveli","2025-10-12","33.24"
"Coconut","Tirunelveli","2025-10-19","32.68"
"Coconut","Tirunelveli","2025-10-26","32.04"
"Coconut","Tirunelveli","2025-11-02","31.35"
"Coconut","Tirunelveli","2025-11-09","30.64"
"Coconut","Tirunelveli","2025-11-16","29.93"
"Coconut","Tirunelveli","2025-11-23","29.25"
"Coconut","Tirunelveli","2025-11-30","28.63"
"Coconut","Tirunelveli","2025-12-07","28.1"
"Coconut","Tirunelveli","2025-12-14","27.67"
"Coconut","Tirunelveli","2025-12-21","27.36"
"Coconut","Tirunelveli","2025-12-28","27.18"
"Coconut","Tirunelveli","2026-01-04","27.14"
"Coconut","Tirunelveli","2026-01-11","27.24"
"Coconut","Tirunelveli","2026-01-18","27.46"
"Coconut","Tirunelveli","2026-01-25","27.8"
"Coconut","Tirunelveli","2026-02-01","28.23"
"Coconut","Tirunelveli","2026-02-08","28.73"
"Coconut","Tirunelveli","2026-02-15","29.29"
"Coconut","Tirunelveli","2026-02-22","29.87"
"Coconut","Tirunelveli","2026-03-01","30.46"
"Coconut","Tirunelveli","2026-03-08","31.03"
"Coconut","Tirunelveli","2026-03-15","31.56"
"Coconut","Tirunelveli","2026-03-22","32.04"
"Coconut","Tirunelveli","2026-03-29","32.46"
"Coconut","Tirunelveli","2026-04-05","32.81"
"Coconut","Tirunelveli","2026-04-12","33.1"
"Coconut","Tirunelveli","2026-04-19","33.33"
"Coconut","Tirunelveli","2026-04-26","33.51"
"Coconut","Tirunelveli","2026-05-03","33.66"
"Coconut","Tirunelveli","2026-05-10","33.78"
"Coconut","Tirunelveli","2026-05-17","33.9"
"Coconut","Tirunelveli","2026-05-24","34.02"
"Coconut","Tirunelveli","2026-05-31","34.18"
"Coconut","Tirunelveli","2026-06-07","34.36"
"Coconut","Tirunelveli","2026-06-14","34.59"
"Coconut","Tirunelveli","2026-06-21","34.87"
"Coconut","Tirunelveli","2026-06-28","35.18"
"Coconut","Tirunelveli","2026-07-05","35.54"
"Coconut","Tirunelveli","2026-07-12","35.91"
"Coconut","Tirunelveli","2026-07-19","36.3"
"Coconut","Tirunelveli","2026-07-26","36.67"
"Coconut","Tirunelveli","2026-08-02","37.01"
"Coconut","Tirunelveli","2026-08-09","37.29"
"Coconut","Tirunelveli","2026-08-16","37.5"
"Coconut","Tirunelveli","2026-08-23","37.61"
"Coconut","Tirunelveli","2026-08-30","37.61"
"Coconut","Tirunelveli","2026-09-06","37.5"
"Coconut","Tirunelveli","2026-09-13","37.25"
"Coconut","Tirunelveli","2026-09-20","36.88"
"Coconut","Tirunelveli","2026-09-27","36.39"
"Coconut","Palayamkottai","2025-09-28","35.44"
"Coconut","Palayamkottai","2025-10-05","34.77"
"Coconut","Palayamkottai","2025-10-12","34.04"
"Coconut","Palayamkottai","2025-10-19","33.29"
"Coconut","Palayamkottai","2025-10-26","32.54"
"Coconut","Palayamkottai","2025-11-02","31.82"
"Coconut","Palayamkottai","2025-11-09","31.17"
"Coconut","Palayamkottai","2025-11-16","30.61"
"Coconut","Palayamkottai","2025-11-23","30.14"
"Coconut","Palayamkottai","2025-11-30","29.8"
"Coconut","Palayamkottai","2025-12-07","29.58"
"Coconut","Palayamkottai","2025-12-14","29.48"
"Coconut","Palayamkottai","2025-12-21","29.51"
"Coconut","Palayamkottai","2025-12-28","29.64"
"Coconut","Palayamkottai","2026-01-04","29.87"
"Coconut","Palayamkottai","2026-01-11","30.18"
"Coconut","Palayamkottai","2026-01-18","30.53"
"Coconut","Palayamkottai","2026-01-25","30.92"
"Coconut","Palayamkottai","2026-02-01","31.32"
"Coconut","Palayamkottai","2026-02-08","31.72"
"Coconut","Palayamkottai","2026-02-15","32.08"
"Coconut","Palayamkottai","2026-02-22","32.41"
"Coconut","Palayamkottai","2026-03-01","32.7"
"Coconut","Palayamkottai","2026-03-08","32.94"
"Coconut","Palayamkottai","2026-03-15","33.14"
"Coconut","Palayamkottai","2026-03-22","33.3"
"Coconut","Palayamkottai","2026-03-29","33.43"
"Coconut","Palayamkottai","2026-04-05","33.56"
"Coconut","Palayamkottai","2026-04-12","33.69"
"Coconut","Palayamkottai","2026-04-19","33.85"
"Coconut","Palayamkottai","2026-04-26","34.05"
"Coconut","Palayamkottai","2026-05-03","34.3"
"Coconut","Palayamkottai","2026-05-10","34.61"
"Coconut","Palayamkottai","2026-05-17","34.99"
"Coconut","Palayamkottai","2026-05-24","35.45"
"Coconut","Palayamkottai","2026-05-31","35.97"
"Coconut","Palayamkottai","2026-06-07","36.54"
"Coconut","Palayamkottai","2026-06-14","37.15"
"Coconut","Palayamkottai","2026-06-21","37.78"
"Coconut","Palayamkottai","2026-06-28","38.41"
"Coconut","Palayamkottai","2026-07-05","39.01"
"Coconut","Palayamkottai","2026-07-12","39.55"
"Coconut","Palayamkottai","2026-07-19","40"
"Coconut","Palayamkottai","2026-07-26","40.35"
"Coconut","Palayamkottai","2026-08-02","40.57"
"Coconut","Palayamkottai","2026-08-09","40.65"
"Coconut","Palayamkottai","2026-08-16","40.57"
"Coconut","Palayamkottai","2026-08-23","40.35"
"Coconut","Palayamkottai","2026-08-30","39.97"
"Coconut","Palayamkottai","2026-09-06","39.46"
"Coconut","Palayamkottai","2026-09-13","38.83"
"Coconut","Palayamkottai","2026-09-20","38.11"
"Coconut","Palayamkottai","2026-09-27","37.32"
"Coconut","Thoothukudi","2025-09-28","30.82"
"Coconut","Thoothukudi","2025-10-05","30.22"
"Coconut","Thoothukudi","2025-10-12","29.66"
"Coconut","Thoothukudi","2025-10-19","29.14"
"Coconut","Thoothukudi","2025-10-26","28.69"
"Coconut","Thoothukudi","2025-11-02","28.33"
"Coconut","Thoothukudi","2025-11-09","28.05"
"Coconut","Thoothukudi","2025-11-16","27.86"
"Coconut","Thoothukudi","2025-11-23","27.76"
"Coconut","Thoothukudi","2025-11-30","27.73"
"Coconut","Thoothukudi","2025-12-07","27.78"
"Coconut","Thoothukudi","2025-12-14","27.87"
"Coconut","Thoothukudi","2025-12-21","28.01"
"Coconut","Thoothukudi","2025-12-28","28.16"
"Coconut","Thoothukudi","2026-01-04","28.32"
"Coconut","Thoothukudi","2026-01-11","28.46"
"Coconut","Thoothukudi","2026-01-18","28.58"
"Coconut","Thoothukudi","2026-01-25","28.68"
"Coconut","Thoothukudi","2026-02-01","28.74"
"Coconut","Thoothukudi","2026-02-08","28.77"
"Coconut","Thoothukudi","2026-02-15","28.77"
"Coconut","Thoothukudi","2026-02-22","28.76"
"Coconut","Thoothukudi","2026-03-01","28.74"
"Coconut","Thoothukudi","2026-03-08","28.73"
"Coconut","Thoothukudi","2026-03-15","28.75"
"Coconut","Thoothukudi","2026-03-22","28.82"
"Coconut","Thoothukudi","2026-03-29","28.95"
"Coconut","Thoothukudi","2026-04-05","29.15"
"Coconut","Thoothukudi","2026-04-12","29.44"
"Coconut","Thoothukudi","2026-04-19","29.81"
"Coconut","Thoothukudi","2026-04-26","30.28"
"Coconut","Thoothukudi","2026-05-03","30.82"
"Coconut","Thoothukudi","2026-05-10","31.45"
"Coconut","Thoothukudi","2026-05-17","32.13"
"Coconut","Thoothukudi","2026-05-24","32.84"
"Coconut","Thoothukudi","2026-05-31","33.57"
"Coconut","Thoothukudi","2026-06-07","34.29"
"Coconut","Thoothukudi","2026-06-14","34.98"
"Coconut","Thoothukudi","2026-06-21","35.59"
"Coconut","Thoothukudi","2026-06-28","36.12"
"Coconut","Thoothukudi","2026-07-05","36.53"
"Coconut","Thoothukudi","2026-07-12","36.82"
"Coconut","Thoothukudi","2026-07-19","36.97"
"Coconut","Thoothukudi","2026-07-26","36.97"
"Coconut","Thoothukudi","2026-08-02","36.83"
"Coconut","Thoothukudi","2026-08-09","36.56"
"Coconut","Thoothukudi","2026-08-16","36.16"
"Coconut","Thoothukudi","2026-08-23","35.66"
"Coconut","Thoothukudi","2026-08-30","35.08"
"Coconut","Thoothukudi","2026-09-06","34.45"
"Coconut","Thoothukudi","2026-09-13","33.78"
"Coconut","Thoothukudi","2026-09-20","33.12"
"Coconut","Thoothukudi","2026-09-27","32.49"
"Coconut","Madurai","2025-09-28","34.12"
"Coconut","Madurai","2025-10-05","33.76"
"Coconut","Madurai","2025-10-12","33.47"
"Coconut","Madurai","2025-10-19","33.25"
"Coconut","Madurai","2025-10-26","33.09"
"Coconut","Madurai","2025-11-02","33"
"Coconut","Madurai","2025-11-09","32.96"
"Coconut","Madurai","2025-11-16","32.95"
"Coconut","Madurai","2025-11-23","32.96"
"Coconut","Madurai","2025-11-30","32.97"
"Coconut","Madurai","2025-12-07","32.96"
"Coconut","Madurai","2025-12-14","32.93"
"Coconut","Madurai","2025-12-21","32.85"
"Coconut","Madurai","2025-12-28","32.73"
"Coconut","Madurai","2026-01-04","32.57"
"Coconut","Madurai","2026-01-11","32.37"
"Coconut","Madurai","2026-01-18","32.13"
"Coconut","Madurai","2026-01-25","31.89"
"Coconut","Madurai","2026-02-01","31.64"
"Coconut","Madurai","2026-02-08","31.42"
"Coconut","Madurai","2026-02-15","31.25"
"Coconut","Madurai","2026-02-22","31.15"
"Coconut","Madurai","2026-03-01","31.13"
"Coconut","Madurai","2026-03-08","31.22"
"Coconut","Madurai","2026-03-15","31.43"
"Coconut","Madurai","2026-03-22","31.77"
"Coconut","Madurai","2026-03-29","32.24"
"Coconut","Madurai","2026-04-05","32.83"
"Coconut","Madurai","2026-04-12","33.54"
"Coconut","Madurai","2026-04-19","34.34"
"Coconut","Madurai","2026-04-26","35.21"
"Coconut","Madurai","2026-05-03","36.13"
"Coconut","Madurai","2026-05-10","37.06"
"Coconut","Madurai","2026-05-17","37.97"
"Coconut","Madurai","2026-05-24","38.84"
"Coconut","Madurai","2026-05-31","39.62"
"Coconut","Madurai","2026-06-07","40.3"
"Coconut","Madurai","2026-06-14","40.84"
"Coconut","Madurai","2026-06-21","41.25"
"Coconut","Madurai","2026-06-28","41.49"
"Coconut","Madurai","2026-07-05","41.58"
"Coconut","Madurai","2026-07-12","41.52"
"Coconut","Madurai","2026-07-19","41.31"
"Coconut","Madurai","2026-07-26","40.99"
"Coconut","Madurai","2026-08-02","40.56"
"Coconut","Madurai","2026-08-09","40.05"
"Coconut","Madurai","2026-08-16","39.49"
"Coconut","Madurai","2026-08-23","38.92"
"Coconut","Madurai","2026-08-30","38.35"
"Coconut","Madurai","2026-09-06","37.81"
"Coconut","Madurai","2026-09-13","37.33"
"Coconut","Madurai","2026-09-20","36.91"
"Coconut","Madurai","2026-09-27","36.56"
"Coconut","Nagercoil","2025-09-28","32.73"
"Coconut","Nagercoil","2025-10-05","32.69"
"Coconut","Nagercoil","2025-10-12","32.67"
"Coconut","Nagercoil","2025-10-19","32.66"
"Coconut","Nagercoil","2025-10-26","32.63"
"Coconut","Nagercoil","2025-11-02","32.58"
"Coconut","Nagercoil","2025-11-09","32.48"
"Coconut","Nagercoil","2025-11-16","32.34"
"Coconut","Nagercoil","2025-11-23","32.13"
"Coconut","Nagercoil","2025-11-30","31.87"
"Coconut","Nagercoil","2025-12-07","31.54"
"Coconut","Nagercoil","2025-12-14","31.16"
"Coconut","Nagercoil","2025-12-21","30.74"
"Coconut","Nagercoil","2025-12-28","30.3"
"Coconut","Nagercoil","2026-01-04","29.85"
"Coconut","Nagercoil","2026-01-11","29.42"
"Coconut","Nagercoil","2026-01-18","29.03"
"Coconut","Nagercoil","2026-01-25","28.72"
"Coconut","Nagercoil","2026-02-01","28.49"
"Coconut","Nagercoil","2026-02-08","28.38"
"Coconut","Nagercoil","2026-02-15","28.39"
"Coconut","Nagercoil","2026-02-22","28.54"
"Coconut","Nagercoil","2026-03-01","28.83"
"Coconut","Nagercoil","2026-03-08","29.25"
"Coconut","Nagercoil","2026-03-15","29.81"
"Coconut","Nagercoil","2026-03-22","30.48"
"Coconut","Nagercoil","2026-03-29","31.25"
"Coconut","Nagercoil","2026-04-05","32.09"
"Coconut","Nagercoil","2026-04-12","32.96"
"Coconut","Nagercoil","2026-04-19","33.85"
"Coconut","Nagercoil","2026-04-26","34.73"
"Coconut","Nagercoil","2026-05-03","35.55"
"Coconut","Nagercoil","2026-05-10","36.3"
"Coconut","Nagercoil","2026-05-17","36.95"
"Coconut","Nagercoil","2026-05-24","37.48"
"Coconut","Nagercoil","2026-05-31","37.9"
"Coconut","Nagercoil","2026-06-07","38.18"
"Coconut","Nagercoil","2026-06-14","38.33"
"Coconut","Nagercoil","2026-06-21","38.36"
"Coconut","Nagercoil","2026-06-28","38.28"
"Coconut","Nagercoil","2026-07-05","38.11"
"Coconut","Nagercoil","2026-07-12","37.86"
"Coconut","Nagercoil","2026-07-19","37.57"
"Coconut","Nagercoil","2026-07-26","37.25"
"Coconut","Nagercoil","2026-08-02","36.93"
"Coconut","Nagercoil","2026-08-09","36.63"
"Coconut","Nagercoil","2026-08-16","36.35"
"Coconut","Nagercoil","2026-08-23","36.12"
"Coconut","Nagercoil","2026-08-30","35.93"
"Coconut","Nagercoil","2026-09-06","35.79"
"Coconut","Nagercoil","2026-09-13","35.7"
"Coconut","Nagercoil","2026-09-20","35.65"
"Coconut","Nagercoil","2026-09-27","35.62"
